id,primeira_coleta,ultima_coleta,data_publicacao,tipo_evento,data_noticia_original,data_fato,mes_fato,decisao_base,decisao_alerta,motivo_alerta,etapa,situacao_analise,efeito_na_participacao,tipo_documento,consorcio,sigla,municipio,uf,titulo,fonte,url,trecho,pontuacao,revisao_ia,enviado_em
"05cd3fe0259c62e2e6133f049b84329daed5274e1844017a46a66d96a84f7aba","2026-09-14T19:58:39.657Z","2026-09-15T07:43:01.000Z","2026-09-11T14:02:00.000Z","ATUAÇÃO","","","","confirmado","historico","Data do coleta (2026-09-11) anterior à janela de 168 horas.","CIMSA recebeu consultório oftalmológico entregue pelo Rotary","confirmado por revisão editorial — entrega de equipamento ao consórcio é atuação concreta; reportagem não comprova início dos atendimentos","não inferido automaticamente","notícia ou página","","","","","Rotary entrega consultório oftalmológico ao Consórcio de Saúde de Birigui - Hojemais.com.br","Hojemais.com.br","https://news.google.com/rss/articles/CBMiyAFBVV95cUxPeDNVSk9GS25SaWhVUkF2VE5jSDlhT0tMbnRLQTRHcjdjeVAzTWdzdUN5S293SmdxWjZkSlhZdmt1OHNvRWY2NnpRaHVuZ0pWMExJc3ZWN00yNjl6M2xUbEMtZ194N2ZnalN0MFNZOVh5U0FRbjRxLTd0N1lXUVdpMW5BT2RRMWtpMzZ3WUhSUG5QNkhObDBUUUdDaEowelBaVEFhSVg4RlBRcDNORnN5WkQzZklDTS1lU3NxTkx3OWtxZzE3QVY2TQ?oc=5"," de impacto direto nas comunidades” , informa nota divulgada à imprensa. Também em nota, o presidente 2026/2027 do Rotary Club de Birigui Cidade Pérola, André Consoni, comenta que este projeto mostra a dimensão que o trabalho do Rotary pode alcançar quando existe união em torno de um propósito. “Estamos falando de uma estrutura que ficará à disposição da saúde pública e beneficiará não apenas Birigui, mas milhares de pessoas de 15 municípios da nossa região” , destaca. Foto: Divulgação Cerimônia","5","",""
"07d6615fa4f00fb24b70fc0f5d0be5e586add910554be1774d3b112910a0e676","2026-10-06T17:11:05.845Z","2026-10-10T09:50:01.552Z","2026-10-06T13:23:16.000Z","ADESÃO AUTORIZADA","2026-10-06T13:23:16.000Z","","","confirmado","enviado","Enviado ao WhatsApp anteriormente.","projeto de ratificação aprovado pela Câmara em dois turnos — ingresso efetivo não comprovado","confirmado por revisão editorial — a reportagem confirma aprovação legislativa da participação de Umuarama no Conclima, não a conclusão independente do ingresso","não inferido automaticamente","notícia ou página","","","","","Câmara aprova adesão de Umuarama a consórcio de prevenção a desastres - Umuarama News","Umuarama News","https://news.google.com/rss/articles/CBMitgFBVV95cUxPZTEzT2M2OUhGRGd4V09WZlVRZEx3SV9rRks4MV9yWGJLTnNHUURVNm44WVNCLXcxVHZVc29hRnh5X1prTFZjcHRKQk9kbGpfc2lFZFBFSENCZFY5SDhxa2t3eGhLQWdlR2ExTGtKRG9JUWlLVnQ1cTJ6M05TdU52VlViRlhMcXJvYm5fYUoxZ2hLaGxDRlZ6SUdLLTJHcC1KNlJkTjNmakJSOVRPd3JDVi1va0lmdw?oc=5","Câmara aprova adesão de Umuarama a consórcio de prevenção a desastres Últimas Notícias Adolescente e mulher ficam feridas em colisão traseira na PR-323 em Cruzeiro do Oeste Rodovia PR-323 terá Pare e Siga e obras de conservação em Umuarama nesta terça-feira Professor Alessandro Salgado lança livro sobre oratória em Umuarama Sensores inteligentes e tablets da Sanepar realizam monitoramento em tempo real Sérgio Frederico pode levar Umuarama de volta à Assembleia Legislativa do Paraná Câmara aprova","21","approved","2026-10-09T23:16:08.034Z"
"07e2205b60e6d3c825d91aedf82f7158f81070059f1edf60c73326b3095906f7","2026-09-26T08:34:55.131Z","2026-10-01T14:27:49.805Z","2026-09-24T12:00:00-03:00","RATEIO EM TRAMITAÇÃO","","","","confirmado","enviado","Enviado ao WhatsApp anteriormente.","dispensa autorizada para formalizar rateio de 2027; assinatura pendente","confirmado por revisão editorial — ato administrativo específico de R$ 207.973,68, mas o prefeito determina retorno dos autos para conferir e assinar documentos necessários","não inferido automaticamente","ato autorizativo de rateio","","","Primeiro de Maio","PR","Diário Oficial de Primeiro de Maio (PR)","Querido Diário","https://data.queridodiario.ok.org.br/4120507/2026-09-24/99b95ee42c3ecb4d57d91e45cf6ad0a8111adc61.pdf","(quatorze mil, cento e cinquenta reais). Primeiro de Maio - PR, 24 de setembro de 2026 BRUNO EDUARDO SANTA ROSA BAUERMAMM ESTEVAM PREFEITO AUTORIZAÇÃO PARA REALIZAÇÃO DE DISPENSA DE LICITAÇÃO Em atenção aos andamentos verificados no presente processo administrativo sob o protocolo nº 269/2026, referente a formalização de Contrato de Rateio com o Consórcio Intermunicipal de Saúde do Médio Paranapanema - Cismepar, com a finalidade de ratear despesas administrativas referentes ao exercício do ano d","12","approved (categoria corrigida)","2026-09-26T08:34:55.974Z"
"08535e0cc3feba5ad254cefb659062cde2282f90ab677d43019f789de1ece689","2026-10-09T10:31:52.995Z","2026-10-10T09:50:01.552Z","2026-10-09T12:00:00-03:00","ATUAÇÃO","","","","candidato","enviado","Enviado ao WhatsApp anteriormente.","ato publicado — efeito a verificar","publicado pelo radar — não confirmado manualmente","não inferido automaticamente","ato oficial (tipo a verificar)","","","Mogi Guaçu","SP","Diário Oficial de Mogi Guaçu (SP)","Querido Diário","https://data.queridodiario.ok.org.br/3530706/2026-10-09/04512dfa6065751937309d0d73d72b65f5cc0c20.pdf","executado pela Instituição Beneficente Lar de Maria, com investimento total de R$249.760,32, sendo R$185.188,32 de recursos municipais e R$64.572,00 de recursos estaduais. Em 2025, a execução passou para o Centro de Ação e Recuperação Social, com vigência de abril a dezembro, totalizando R$144.180,00. A partir de maio de 2026, observa-se uma mudança no modelo de gestão, com a execução direta do serviço pelo CREAS, por meio do Consórcio Intermunicipal CEMMIL, mantendo o cofinanciamento estadual d","10","approved","2026-10-09T10:31:56.736Z"
"08f16125d33dd7d25f740cb1fb7252dc55dc501890eda8f0bf9ac42c80b45481","2026-08-18T13:06:39.649Z","2026-08-18T13:06:39.649Z","","ADESÃO AUTORIZADA","","","","confirmado","enviado","Enviado ao WhatsApp anteriormente.","Lei 475/2026 publicada como autorização de adesão de Piranhas ao CONAGRESTE","confirmado por revisão editorial — diário identifica o ato como Lei Municipal 475/2026 e art. 1º autoriza adesão; preâmbulo conserva a palavra Projeto de Lei, inconsistência documental que não prova ingresso efetivo","não inferido automaticamente","notícia ou página","","","Piranhas","AL","Diário Oficial de Piranhas (AL)","","https://data.queridodiario.ok.org.br/2700000/2026-08-17/c89f965281b4c4ea52f832e30b6f81a86f1f886b.pdf","","5","","2026-08-18T13:06:39.649Z"
"153e40c31fe4d83492b480824fe3da9d0dbb92f9e560a87f82676389aed75786","2026-08-20T18:58:07.543Z","2026-08-20T18:58:07.543Z","","CRIAÇÃO EM TRAMITAÇÃO","","","","confirmado","enviado","Enviado ao WhatsApp anteriormente.","etapa final de criação aprovada — constituição formal não comprovada","confirmado por revisão editorial — a notícia relata aprovação da etapa final por prefeitos, fato institucional verificável; não comprova entidade formalmente constituída em 2026","não inferido automaticamente","notícia ou página","","","","","Serra Azul cria consórcio intermunicipal e projeta R$ 10 bilhões - Brasilturis","","https://news.google.com/rss/articles/CBMipAFBVV95cUxOM3FzV1VZYXN5TFFzYmp3MjM3U2NDUV9VTVFlcGFwZzdJVWtBYVJOa0UtN3I5QTFGT2Q3VUdlRVpFTzFodEtjVEhKU2xyWEVfSzFhZGI0Z1c3VTE5RDBzZENVa3RVcmVyRlo3TndrZGNud0g3WDhPUDhlUV8zV2diVS1HTk01TEEyS2I5dmY3NmNiZThiRHV1TkhxLTdoSVdyNmJoUw?oc=5","","5","","2026-08-20T18:58:07.543Z"
"15af6365f976038c0f113d77233b4acf50406065543c2749285de3b837149da7","2026-08-20T13:10:41.085Z","2026-08-20T13:10:41.085Z","","GOVERNANÇA","","","","confirmado","enviado","Enviado ao WhatsApp anteriormente.","Lei 5302/2026 ratifica alteração de protocolo do CISNAP","confirmado por revisão editorial — ato modifica regras de consórcio preexistente; a lei de participação de Dracena é de 2017, portanto não representa nova adesão","não inferido automaticamente","notícia ou página","","","Dracena","SP","Diário Oficial de Dracena (SP)","","https://data.queridodiario.ok.org.br/3514403/2026-08-19/36067dbe2bc2f223ab2ff9b48bcabae7485c1ca1.pdf","","5","","2026-08-20T13:10:41.085Z"
"181fe65e16b7a615ffa104bd5d99f0c3dd413ebdee625eb24425a39670a68b4a","2026-09-22T18:53:11.883Z","2026-09-29T14:04:07.968Z","2026-09-22T16:25:00.000Z","ADESÃO AUTORIZADA","","","","confirmado","enviado","Enviado ao WhatsApp anteriormente.","Lei 4.178/2026 autoriza ingresso de Caratinga no CIMINAS","confirmado por revisão editorial — autorização legislativa é evento comprovado, mas não demonstra adesão já formalizada","não inferido automaticamente","notícia ou página","","","","","Município é autorizado a integrar consórcio intermunicipal CIMINAS - diariodecaratinga.com.br","diariodecaratinga.com.br","https://news.google.com/rss/articles/CBMiqwFBVV95cUxNbkR3NTEtVGJzeGh4a1owODFLVzFSMmk3QlR0V2lYMTRGd2ZCYmQ2SEd6dHVFMEIxZGNVRFZ6UU4yUFZzbmc0NXB5Q3lnLUVnNmgwMWdYa2tmSndidkJlazRENkhTbkNGclo0ckhNS2hCTFJUUjBEVlNuOF94QzUzLUI0V19naC1iU3NQd1RwclFCd1lCeUFuX2VSZ0hTM01oeDNuM3drbHh5c1k?oc=5","CARATINGA– O município de Caratinga foi autorizado a ingressar no Consórcio Interfederativo Minas Gerais (CIMINAS) e na Associação dos Municípios Integrados Minas Gerais (AMIMG). A medida está prevista na Lei nº 4.178/2026, d","12","approved","2026-09-22T18:53:15.288Z"
"229de91ab9519c707a656f72a176b19a6f71c912b7b36c6f2a77d6c17a851779","2026-09-22T20:06:01.205Z","2026-09-29T14:04:07.968Z","2026-09-22T19:00:00.000Z","ATUAÇÃO","","","","confirmado","enviado","Enviado ao WhatsApp anteriormente.","plenária realizada e encaminhamento de agenda setorial com governo federal","confirmado por revisão editorial — prefeitos e ministro se reuniram e definiram encaminhamento para futuras reuniões setoriais; a agenda e os investimentos ainda não foram executados","não inferido automaticamente","notícia ou página","","","","","Consórcio Intermunicipal cria agenda setorial com Brasília para atrair investimentos - Diário do Grande ABC","Diário do Grande ABC","https://news.google.com/rss/articles/CBMiwwFBVV95cUxNNDhmZzVUc3JGbnU4R0lDcXlmeUt3S0pDZXdhaXBHLW1kNWQzLXBRVmZuVmNkaTFGeWc0Sk5iSjZ4NlM5WmFZay1uQkU3SmZPYzlzT3FLbFlmUlVselZheTM5QzFNS0NzaENaMUJtQy16TFZkR1ptbnRiTlpUdEMxTFAzc21Qd3Nxc01sQUd6TnRWUENUcS1XMVVrbll2TWZCMGJCc2FTZ3B1aUYyWWx2aGJySm9MXzd1ZmJuWHBCQXlETDQ?oc=5","O Consórcio Intermunicipal do Grande ABC vai construir, junto ao governo federal, uma agenda setorial para discutir investimentos e projetos específicos para a região. O encaminhamento foi definido nesta terça-feira (22), durante a plenária de prefeitos realizada no Paço Municipal de São Caetano, que teve como principal convidado o ministro do Desenvolvimento, Indústria e Comércio Exterior do Brasil, Márcio Elias Rosa. Estiveram presentes ao encontro, que teve como anfitrião o prefeito de São Ca","9","approved","2026-09-23T00:32:39.165Z"
"2b66567395e86149620ca270b4ad21a1758de4d1d89a6517e6e51f32c1330a85","2026-09-24T12:26:20.298Z","2026-09-30T06:42:47.269Z","2026-09-23T12:00:00-03:00","ATUAÇÃO","","","","confirmado","historico","Data do coleta (2026-09-23) anterior à janela de 168 horas.","CONSIRC publicou extinção de contratos de prestadores em setembro de 2026","confirmado por revisão editorial — página 31 documenta dois extratos de extinção de contratos de profissionais, não dissolução ou crise do próprio consórcio","não inferido automaticamente","ato oficial (tipo a verificar)","","","Catanduva","SP","Diário Oficial de Catanduva (SP)","Querido Diário","https://data.queridodiario.ok.org.br/3511102/2026-09-23/2dc55186541861c18a04c032d0ff39322626ab03.pdf","25.103.884/0001-30 Telefone: (17) 3531-9780 Rua Maranhão, 1426 – Centro – Catanduva-SP CEP 15.800-020 EXTRATO DE EXTINÇÃO DE CONTRATO CONTRATO n.º 940/2026. CONTRATANTE: CONSIRC – CONSÓRCIO PÚBLICO INTERMUNICIPAL DE SAÚDE DA REGIÃO DE CATANDUVA. CONTRATADO: PATRÍCIA DE SOUZA PERES, inscrita no CPF sob o Nº. 231.***.***-01. OBJETO: PRESTAÇÃO DE SERVIÇOS PROFISSIONAIS DE MOTORISTA SOCORRISTA DE FORMA EVENTUAL E COMPLEMENTAR JUNTO AO MUNICÍPIO DE TABAPUÃ - SP, De acordo com o artigo 138, inciso II,","12","rejected",""
"2c093a1ef9c6e2f74c3d4cb97872cd433b097f62146e0fcb83b420ed99dc82b4","2026-10-08T16:28:18.840Z","2026-10-10T09:50:01.552Z","2026-10-08T15:10:19.000Z","ATUAÇÃO","","","","confirmado","enviado","Enviado ao WhatsApp anteriormente.","nova sede em construção; assembleia e visita ainda futuras","confirmado por revisão editorial — a construção da nova sede é atuação em curso; o anúncio de assembleia não prova que a reunião ou a visita já ocorreram","não inferido automaticamente","notícia ou página","Consórcio Público Intermunicipal do Agreste Pernambucano e Fronteiras","CONIAPE","","PE","CONIAPE realiza Assembleia Ordinária e Visita Técnica à nova sede nesta quarta-feira (14)","CONIAPE","https://consorcioconiape.pe.gov.br/2026/10/08/coniape-realiza-assembleia-ordinaria-e-visita-tecnica-a-nova-sede-nesta-quarta-feira-14/","O CONIAPE (Consórcio Público Intermunicipal do Agreste Pernambucano e Fronteiras) realizará a sua Assembleia Ordinária na próxima quarta-feira, dia 14 de outubro de 2026. O encontro será especial, pois acontecerá nas instalações da nova sede do CONIAPE, que se encontra atualmente em fase de construção. O local fica na BR 232 (trecho entre o município de São Caetano e Tacaimbó), logo após o viaduto de São Caetano, do lado direito. A programação foi pensada para integrar os membros e dar transparê","19","approved","2026-10-08T16:28:23.784Z"
"2fa89ea6f77b1876c057a0cdf23cd976f54f71a6084bf5a3fc04d5566ee8f34a","2026-08-21T15:47:22.208Z","2026-08-21T15:47:22.208Z","","CONTROLE","","","","confirmado","enviado","Enviado ao WhatsApp anteriormente.","TCEMG referendou suspensão preventiva de credenciamentos do Ciminas em agosto de 2026","confirmado por revisão editorial — notícia original do tribunal documenta cautelar sobre quatro credenciamentos do Ciminas, sem equiparar suspensão preventiva a decisão final de mérito","não inferido automaticamente","notícia ou página","","","","","Contratações de máquinas e equipamentos, estimadas em mais de R$ 290 milhões, são suspensas pelo TCEMG","","https://www.tce.mg.gov.br/Contratacoes-de-maquinas-e-equipamentos-estimadas-em-mais-de-R-290-milhoes-sao-suspensas-pelo-TCEMG.html/Noticia/1111629104","Contratações de máquinas e equipamentos, estimadas em mais de R$ 290 milhões, são suspensas pelo TCEMG 19/08/2026 A Primeira Câmara do Tribunal de Contas do Estado de Minas Gerais referendou, na sessão da última terça-feira (18/8), a suspensão preventiva de quatro credenciamentos do Consórcio Interfederativo Minas Gerais (Ciminas), que possui autorização legal para atuar em diversas áreas da gestão pública. Os procedimentos, estimados R$ 294,7 milhões, foram realizados para a locação de veículos","5","","2026-08-21T15:47:22.208Z"
"30498fed3dcfabf06d3e0ad0d0eb7b297afea9fc6cd16ed90133290313ad5b89","2026-10-08T16:28:18.840Z","2026-10-09T02:56:48.364Z","2026-10-08T15:00:00.000Z","ATUAÇÃO","","","","confirmado","elegivel","Data do coleta dentro da janela.","norma operacional do serviço de inspeção publicada","confirmado por revisão editorial — a Resolução 004/2026 estabelece procedimentos de inspeção do SIM vinculado ao CIDESAA; protocolo e estatuto aparecem como fundamentos, não como alterações constitutivas","não inferido automaticamente","decisão ou resolução","","","","MT","RESOLUÇÃO Nº 004/2026","Jornal Oficial AMM-MT","https://amm.diariomunicipal.org/publicacao/1921831/","RESOLUÇÃO Nº 004/2026 Dispõe sobre os procedimentos de inspeção e fiscalização industrial e sanitária de produtos de origem animal executados pelo Serviço de Inspeção Municipal vinculado ao Consórcio Intermunicipal de Desenvolvimento Econômico, Social e Ambiental Araguaia e dá outras providências. O PRESIDENTE DO CONSÓRCIO Parassu De Souza Freitas, no uso das atribuições que lhe conferem o Contrato de Consórcio Público, o Protocolo de Intenções e o Estatuto Social; CONSIDERANDO o disposto na Lei","14","",""
"311036e1a4e42b38e29ff1ac2ce6bb4a33dac2b0eb08379eeed7b9b0418bf0bb","2026-08-21T13:10:00.970Z","2026-08-21T13:10:00.970Z","","ADESÃO EM TRAMITAÇÃO","","","","confirmado","enviado","Enviado ao WhatsApp anteriormente.","PL 10/2026 de ratificação do CONIAPE aprovado em segunda discussão; sanção pendente","confirmado por revisão editorial — ata da Câmara registra 25 votos favoráveis em segunda discussão e aprovação do parecer de redação; não é prova de lei sancionada nem de ingresso consumado; menções anteriores a consórcios empresariais são ruído distinto","não inferido automaticamente","notícia ou página","","","Recife","PE","Diário Oficial de Recife (PE)","","https://data.queridodiario.ok.org.br/2611606/2026-08-20/e83479027221690f7edcfae3af53b4099d4bbf57.pdf","","5","","2026-08-21T13:10:00.970Z"
"35676ce4d139a19bafc4520d45959944662281eb98d53a98a3ff9f002378d2d4","2026-08-20T13:10:47.193Z","2026-08-20T13:10:47.193Z","","GOVERNANÇA","","","","confirmado","enviado","Enviado ao WhatsApp anteriormente.","gestão de rateio existente com CIDENF delegada a secretário executivo","confirmado por revisão editorial — resolução municipal delega poderes sobre processo e recursos de rateio já celebrado; não publica novo contrato ou pagamento","não inferido automaticamente","notícia ou página","","","Macaé","RJ","Diário Oficial de Macaé (RJ)","","https://data.queridodiario.ok.org.br/3302403/2026-08-19/7ea3bce777ad7cfbae6dfcf7063f6468466ba3d4.pdf","","5","","2026-08-20T13:10:47.193Z"
"35799042ebfb761d05bf042e2b3feb2539b962a34b31a11181733f64d6aba80f","2026-10-06T01:46:50.944Z","2026-10-06T10:15:58.028Z","2026-10-05T15:00:00.000Z","RATEIO","","","","confirmado","elegivel","Data do coleta dentro da janela.","contrato de rateio 055/2026 celebrado — vigência 02/10/2026 a 02/10/2027","confirmado por revisão editorial — publicação oficial contém as partes, objeto, valor e prazo de contrato de rateio efetivo; não indica nova adesão","não inferido automaticamente","contrato de rateio","","","","MT","CONTRATO DE RATEIO N.º 055/2.026 - CONSÓRCIO INTERMUNICIPAL DE SAUDE","Jornal Oficial AMM-MT","https://amm.diariomunicipal.org/publicacao/1919732/","CONTRATO DE RATEIO QUE ENTRE SI CELEBRAM O CONSÓRCIO INTERMUNICIPAL DE SAÚDE DA REGIÃO CENTRO NORTE DO ESTADO DE MATO GROSSO E MUNICIPIO DE ALTO PARAGUAI, PARA OS FINS QUE ESPECIFICAM. O MUNICIPIO DE ALTO PARAGUAI, Estado de Mato Grosso, pessoa jurídica de direito público interno, com sede administrativa na Av. Presidente Médici, nº. 400, no Bairro Bela Vista, Alto Paraguai/MT, inscrita no CNPJ sob nº 03.648.532/0001-28, neste ato representado pelo Prefeito Municipal ADAIR JOSÉ ALVES MOREIRA, de","13","",""
"3e07138f4896fd7cbaef3b8c2c1b880ff37f9325d2eada2627963d3f474b6f56","2026-10-09T17:28:05.540Z","2026-10-10T09:50:01.552Z","2026-10-09T15:00:00.000Z","ADESÃO","","","","candidato","elegivel","Data do coleta dentro da janela.","ato publicado — efeito a verificar","candidato — requer revisão","não inferido automaticamente","ato oficial (tipo a verificar)","","","","MT","EXTRATO DO 2º TERMO ADITIVO AO CONTRATO ADMINISTRATIVO Nº 283/2024 - ADESÃO 08/2024","Jornal Oficial AMM-MT","https://amm.diariomunicipal.org/publicacao/1922706/","EXTRATO DO 2º TERMO ADITIVO AO CONTRATO ADMINISTRATIVO Nº 283/2024 PROCESSO ADMINISTRATIVO Nº: 86/2024 ADESÃO Nº: 008/2024 (Pregão Eletrônico nº 02/2024 – Consórcio Público Intermunicipal de Desenvolvimento Sustentável do Alto Paranaíba) CONTRATANTE: MUNICÍPIO DE POXORÉU – MT (CNPJ nº 03.408.911/0001-40) CONTRATADA: 1DOC TECNOLOGIA SA (CNPJ nº 19.625.833/0001-76) OBJETO DO ADITIVO: Prorrogação do prazo de vigência contratual para mais 12 (doze) meses, reajuste do valor contratual pelo índice acu","11","",""
"3e5ce8423d1a395175495cbe126dfd23ae2a2a56130d73e00653f516615a3afd","2026-10-08T07:24:18.458Z","2026-10-10T09:50:01.552Z","2026-10-06T12:00:00-03:00","FINANÇAS","","","","confirmado","elegivel","Data do coleta dentro da janela.","LDO 2027 prevê ação orçamentária para CISCOPAR; execução futura não comprovada","confirmado por revisão editorial — página física 22 da LDO 2027 traz ação específica de repasse ao CISCOPAR e valor planejado; é previsão orçamentária, não repasse executado","não inferido automaticamente","ato oficial (tipo a verificar)","","","Ouro Verde do Oeste","PR","Diário Oficial de Ouro Verde do Oeste (PR)","Querido Diário","https://data.queridodiario.ok.org.br/4117453/2026-10-06/f020529238ef21a58bef7d3c9e1822b988a61b90.pdf","Valor Vinculado Valor Ordinário Valor Total 1007 Instituir o Programa Municipal de Proteção e Defesa Animal; Construir censo da população de animais domésticos e educação em saúde; executar projeto de castração de animais Outras Unidades e Medidas 0,0000 0,00 85.000,00 85.000,00 Total Projeto/Atividade: 0,00 85.000,00 85.000,00 Proj./Ativ.: 1008 - Consórcio Intermunicipal de Saúde (CISCOPAR) Cód. Ação Descrição Unidade Medida Meta Física Valor Vinculado Valor Ordinário Valor Total 1008 Garantir ","10","rejected",""
"41a512324bf34f9f29773a8bb1b30fe7bbb1cf8b70ade4800ead7bd71558ea25","2026-08-19T13:08:15.917Z","2026-08-19T13:08:15.917Z","","RATEIO","","","","confirmado","enviado","Enviado ao WhatsApp anteriormente.","contrato de rateio 2026 de Salinas com CISRUN assinado","confirmado por revisão editorial — página contém dois atos distintos: contrato de serviços com CIMES e contrato de rateio com CISRUN; manter rateio como evento primário e registrar o segundo, sem fundi-los","não inferido automaticamente","notícia ou página","","","Salinas","MG","Diário Oficial de Salinas (MG)","","https://data.queridodiario.ok.org.br/3157005/2026-08-18/298a9179f8d617d5b2a4620057a31bfd5e742848.pdf","","5","","2026-08-19T13:08:15.917Z"
"437fe78c4bca1483a6c9147af3254b1532f2161f9892deff7297e0fe1411e628","2026-10-10T02:23:18.599Z","2026-10-10T09:50:01.552Z","2026-10-09T12:00:00-03:00","RATEIO EM TRAMITAÇÃO","","","","candidato","enviado","Enviado ao WhatsApp anteriormente.","dispensa autorizada para formalizar rateio; contrato não assinado no ato","publicado pelo radar — não confirmado manualmente","não inferido automaticamente","ato autorizativo de rateio","","","Campo Mourão","PR","Diário Oficial de Campo Mourão (PR)","Querido Diário","https://data.queridodiario.ok.org.br/4104303/2026-10-09/8a6f89e74a3d28002fc4dad419e3d843d96eca82.pdf","2026, processo digital nº 44800/2026 – fica autorizada a dispensa de licitação para FORMALIZAÇÃO DE CONTRATO DE RATEIO COM O CONSÓRCIO INTERMUNICIPAL DE SAÚDE DA COMUNIDADE DOS MUNICÍPIOS DA REGIÃO DE CAMPO MOURÃO - CISCOMCAM, PARA PAGAMENTO DA TAXA DE CONTRIBUIÇÃO MENSAL (TAXA ADMINISTRATIVA) REFERENTE AO EXERCÍCIO DE 2027, conforme especificado na Requisição de Compras nº 6","12","approved (categoria corrigida)","2026-10-10T02:23:19.506Z"
"44907b2e6fe0638eb441d742f8ef31095a526f7a248b35dcb6299fbc8cb5a47e","2026-08-14T14:20:23.528Z","2026-08-14T14:20:23.528Z","","FINANÇAS","","","","confirmado","enviado","Enviado ao WhatsApp anteriormente.","crédito de R$ 500 mil aberto para rateio variável com CISMETRO","confirmado por revisão editorial — decreto orçamentário reserva crédito para consultas; não equivale a contrato assinado ou despesa liquidada. O diário contém ainda ato distinto do CONDESU sobre credenciamento","não inferido automaticamente","notícia ou página","","","Jundiaí","SP","Diário Oficial de Jundiaí (SP)","","https://data.queridodiario.ok.org.br/3525904/2026-08-12/db9860c4cb030e8defa6a10a9aa554aede7dc11d.pdf","","5","","2026-08-14T14:20:23.528Z"
"4846557426428cbba8a21b16069279a54c2226f1c17a22bd22306dbb11acb45c","2026-09-24T09:54:50.649Z","2026-09-30T06:42:47.269Z","2026-09-23T07:41:22.000Z","ATUAÇÃO","","","","confirmado","historico","Data do coleta (2026-09-23) anterior à janela de 168 horas.","dispensa 005/2026 de Rio Espera para delegar transporte de pacientes ao CISAP-VP concluída","confirmado por revisão editorial — processo específico de 2026 aparece como concluído no portal municipal; a página não exibe contrato assinado","não inferido automaticamente","notícia ou página","","","","","Delegação do Município de Rio Espera – MG ao Consórcio Público Intermunicipal de Saúde do Alto Paraopeba e Vale do Piranga – CISAP-VP da execução orçamentária e a respectiva transferência parcial dos serviços públicos para oferta de transporte ao - Prefeitura Municipal de Rio Espera","Prefeitura Municipal de Rio Espera","https://news.google.com/rss/articles/CBMiV0FVX3lxTE9xMlg3dDh1UEM1cERsNEs0RVBiYmJzWjYwNDhheG5sWmVQRGN3akttOTFzc1d5UDBPR3NmN0VzcVhjVVVHdjZ4SmtFVlBIT3Nwc0FSSjJwMA?oc=5","Delegação do Município de Rio Espera – MG ao Consórcio Público Intermunicipal de Saúde do Alto Paraopeba e Vale do Piranga – CISAP-VP da execução orçamentária e a respectiva transferência parcial dos serviços públicos para oferta de transporte ao Prefeitura Municipal de Rio Espera","6","",""
"49267d3d1ec94d99527c949846bdc815198b1985aa4f3f6c488738feca6d0fd8","2026-10-06T01:46:50.944Z","2026-10-06T01:46:50.944Z","2026-10-05T15:00:00.000Z","GOVERNANÇA","","","","confirmado","elegivel","Data do coleta dentro da janela.","calendário da eleição 2027/2028 retificado; votação futura","confirmado por revisão editorial — a retificação mudou datas do regulamento eleitoral, mas não documenta eleição realizada","não inferido automaticamente","ato oficial (tipo a verificar)","","","","MT","RETIFICAÇÃO DO REGULAMENTO ELEITORAL – BIÊNIO 2027/2028 ELEIÇÃO DA DIRETORIA DO CONSÓRCIO INTERMUNICIPAL DE DESENVOLVIMENTO ECONÔMICO, SOCIAL E AMBIENTAL DO MÉDIO ARAGUAIA – CODEMA","Jornal Oficial AMM-MT","https://amm.diariomunicipal.org/publicacao/1919389/","RETIFICAÇÃO DO REGULAMENTO ELEITORAL – BIÊNIO 2027/2028 ELEIÇÃO DA DIRETORIA DO CONSÓRCIO INTERMUNICIPAL DE DESENVOLVIMENTO ECONÔMICO, SOCIAL E AMBIENTAL DO MÉDIO ARAGUAIA – CODEMA O PRESIDENTE DO CONSÓRCIO INTERMUNICIPAL DE DESENVOLVIMENTO ECONÔMICO, SOCIAL E AMBIENTAL DO MÉDIO ARAGUAIA – CODEMA, no uso de suas atribuições estatutárias, considerando a alteração da data da Assembleia Geral Ordinária para o dia 21 de outubro de 2026, conforme Edital de Retificação publicado no Diário Oficial dos ","14","",""
"530064fc2d70255f4f1b0ee400c031c573cfff7bb5dc4b967d00c24059cd72f8","2026-09-18T14:30:57.201Z","2026-09-23T00:32:36.566Z","2026-09-18T12:06:00.000Z","GOVERNANÇA","","","","confirmado","historico","Data do coleta (2026-09-18) anterior à janela de 168 horas.","Câmara aprovou PL 51/2026 que autoriza Divinópolis a subscrever extinção","confirmado por revisão editorial — a votação é comprovada no SAPL, mas não prova sanção, saída efetiva do município ou extinção do consórcio","não inferido automaticamente","notícia ou página","","","","","Câmara de Divinópolis aprova cinco projetos em sessão desta quinta - sistemampa.com.br","sistemampa.com.br","https://news.google.com/rss/articles/CBMiiwFBVV95cUxPMHdObEdST0JpWFRSZGkyWUtQa2tqNHoxU3NocVB5N1ZmTlA2cl9VU3NYMzBLQVBOcDAyZlNkekZoNHhtUk0xQ2d5VUxIVlZxdXhpQVFzVVdoTERBTjE5Q1pvUms5cUQ3MnRZc0dLNnFTNkNQQWhVbzVhbTVJTjhjdm5RdVVqMnI1eHRN?oc=5","de sua trajetória. Como vai funcionar o Faltômetro da saúde em Divinópolis? Além das homenagens, os vereadores aprovaram um projeto do parlamentar Hilton de Aguiar voltado a amparar a rede municipal de saúde. A proposta cria um mecanismo simples para acompanhar, mês a mês, as faltas de pacientes em consultas e atendimentos já agendados nos postos de saúde, sem expor dados pessoais dos usu","5","",""
"55e702b50fb5f67fb1d7b3cd744fa2f3e3b77028ef8e9e3856c237c5359509aa","2026-10-01T14:27:46.883Z","2026-10-05T02:00:32.771Z","2026-09-29T12:00:00-03:00","PROPOSTA DE ADESÃO","","","","confirmado","historico","Data do coleta (2026-09-29) anterior à janela de 168 horas.","proposta aprovada no Conselho de Saúde — ingresso não comprovado","confirmado por revisão editorial — a aprovação da proposta pelo Conselho de Saúde é uma deliberação comprovada, mas não efetiva o ingresso do município","não inferido automaticamente","ato oficial (tipo a verificar)","","","Valinhos","SP","Diário Oficial de Valinhos (SP)","Querido Diário","https://data.queridodiario.ok.org.br/3556206/2026-09-29/90c5c576997adb1e4eb3696885e8be88ae79adf6.pdf","aquisição dos softwares e os representantes da APAE respondem que a aquisição será feita por conta da instituição e que somente investem em produtos originais. A Presidente coloca em votação. Aprovado por unanimidade. 4) Apresenta- ção, discussão e votação da Proposta para ingresso ao SAMU Regional: a Secretária de Saúde Luciana Pignatta abriu a apresentação da proposta de ingresso no SAMU Regional Hortolândia-Sumaré, através de um consórcio intermunicipal. A mesma apresenta Dr Mateus, que intro","11","",""
"58706a3a4aa7d743798e03cbb9442770b47c948325085c7e4ac25086e29c28fb","2026-09-14T22:30:22.881Z","2026-09-21T21:03:29.215Z","2026-09-14T12:00:00-03:00","ADESÃO AUTORIZADA","","","","confirmado","enviado","Enviado ao WhatsApp anteriormente.","Lei 261/2026 autoriza Inhapi a aderir ao CONAGRESTE; efetivação ainda requer providências","confirmado por revisão editorial — lei sancionada nas páginas físicas 25-26 autoriza adesão e ratifica a terceira alteração do protocolo, mas o art. 2º manda o Executivo praticar atos para efetivá-la; não comprova ingresso consumado","não inferido automaticamente","protocolo de intenções","","","Inhapi","AL","Diário Oficial de Inhapi (AL)","Querido Diário","https://data.queridodiario.ok.org.br/2700000/2026-09-14/71ae3de2cdc04efa3d9e2bb5d32dc56850d96181.pdf","Inhapi ao Consórcio Intermunicipal do Agreste Alagoano – CONAGRESTE, com a ratificação da 3ª Alteração e Consolidação do Protocolo de Intenções e dá outras providências.‖ www.diariomunicipal.com.br/ama 26 O PREFEITO DO MUNICÍPIO INHAPI, ESTADO DE ALAGOAS, Sr. GILSON TENÓRIO CAVALCANTE, no uso de suas atribuições legais, faz saber que a Câmara Municipal aprovou e ele sanciona a seguinte lei: Art. 1º - Fica o Município de Inhapi autorizado a aderir ao Consórcio Intermunicipal do Agreste Alagoano –","27","","2026-09-14T22:30:23.473Z"
"5a25dc1cfd00591a315acfa0c5343288e0ce33757935a3740ae1f147dc98f4be","2026-08-26T13:15:41.783Z","2026-08-26T13:15:41.783Z","","ADESÃO AUTORIZADA","","","","confirmado","enviado","Enviado ao WhatsApp anteriormente.","Lei 282/2026 autoriza adesão de Mata Grande ao CONAGRESTE","confirmado por revisão editorial — lei sancionada autoriza a adesão e ratifica alteração do protocolo; ingresso efetivo depende de atos administrativos posteriores","não inferido automaticamente","notícia ou página","","","Mata Grande","AL","Diário Oficial de Mata Grande (AL)","","https://data.queridodiario.ok.org.br/2700000/2026-08-24/4bd2fd207d4ea1184f2f61032f7a8e1247beb1f5.pdf","","5","","2026-08-26T13:15:41.783Z"
"5d34b41a8732616e002fa661b520df5b758859f9a1f1dc4a885edbadf6c4609f","2026-10-09T02:56:48.364Z","2026-10-10T09:50:01.552Z","2026-10-08T12:00:00-03:00","RATEIO","","","","candidato","elegivel","Data do coleta dentro da janela.","contrato de rateio citado; celebração a conferir","rejeitado pela revisão automática","não inferido automaticamente","contrato de rateio","","","Lajedão","BA","Diário Oficial de Lajedão (BA)","Querido Diário","https://data.queridodiario.ok.org.br/2918902/2026-10-08/8e1f465df67d48a8a4104a69d88fb58b22c16ebd.pdf","eletrônica disponível em: http://lajedao.ba.gov.br/ PREFEITURA MUNICIPAL DE LAJEDÃO PRACA PLINIO DANTAS DE LIMA - CENTRO CNPJ: 13.785.670/0001-02 - CEP: 49.950-000 - LAJEDAO - BA Anexo XIII - DESPESA POR MODALIDADE DE APLICAÇÃO ORÇAMENTO 2027 Código Descrição Valor R$ TRANSF INST PRIV S/FINS LUCRATIVOS 68.000,0050 TRANSFERÊNCIAS A INSTITUIÇÕES PRIVADAS COM FINS LUCRATIVOS 10.000,0060 TRANSFERÊNCIAS A CONSÓRCIOS PÚBLICOS MEDIANTE CONTRATO DE RATEIO 188.000,0071 APLICACOES DIRETAS 61.710.000,0090 ","11","rejected",""
"60aa5a68be69ebb02188105243fe1ab32941ba3d45a1d474a0d1ecdbe44bbdea","2026-09-19T10:56:24.597Z","2026-09-25T14:36:44.553Z","2026-09-18T12:00:00-03:00","GOVERNANÇA","","","","confirmado","enviado","Enviado ao WhatsApp anteriormente.","Lei 1.194/2026 ratifica IV Protocolo do CONSCENSUL; participação anterior mantida","confirmado por revisão editorial — páginas físicas 2-3 trazem lei sancionada de Simão Dias ratificando protocolo multifinalitário; art. 3º declara participação já existente em resíduos e saneamento e afasta adesão automática a programas novos","não inferido automaticamente","lei","","","Simão Dias","SE","Diário Oficial de Simão Dias (SE)","Querido Diário","https://data.queridodiario.ok.org.br/2807105/2026-09-18/1b2b9740ea1e1eac8863348801352068dd918de1.pdf","Assembleia Geral de Consorciados, e passa a constituir o Contrato de Consórcio Público com força de lei municipal, incorporado a esta Lei como Anexo Único. §1º. A ratificação de que trata o caput é feita sem reservas de qualquer natureza ao instrumento. §2º. O CONSCENSUL, por esta lei, é reconhecido enquanto associação pública com personalidade jurídica de direito público interno e natureza autárquica interfederativa, nos termos do art. 6º, §1º, da Lei Federal nº 11.107/2005, submetendo-se ao re","18","approved","2026-09-19T10:56:27.985Z"
"631c477e6e54812004974be88eac0a7e454d46b52cfce9f1e12a0ba8b775f826","2026-08-26T16:58:36.543Z","2026-08-26T16:58:36.543Z","","CONTROLE","","","","confirmado","enviado","Enviado ao WhatsApp anteriormente.","licitação suspensa cautelarmente pelo TCE-SP","confirmado por revisão editorial — houve ordem de suspensão do certame, mas ainda não julgamento definitivo do mérito","não inferido automaticamente","notícia ou página","","","","","TCE-SP paralisa licitação do Consórcio Intermunicipal Grande ABC - ABC Repórter","","https://news.google.com/rss/articles/CBMipgFBVV95cUxOZHp1TGZLWC1IRFhtMkE5RDNXRnVJaEs0SVp5UkxHNzZwbjVOSnU1UjZYTU1fcHdNQWhkYnExUlR2QUhCbFdPU0w5aHZpazh3Ry1fTDJXSWdVT1Y1aUVuYTltSTBGZzNLZ2lCc3FjSzZPeTE0ZjEzcHl0QUNVWW91VkdFcjZPWTJncFl5OWdINHJCS3lYVlhjb0ZGV0h3c0ZiNlIwcTRR?oc=5","cio tem cinco dias úteis de prazo para prestar os devidos esclarecimentos ao Tribunal. Entretanto, a paralisação possui caráter provisório e preventiva, sem pré-julgamento de irregularidade no mérito da concorrência, que ainda será apreciada em definitivo pelo colegiado. Nota oficial Procurado, o Consórcio Intermunicipal Grande ABC enviou nota em que comunica: “Que a apresentação de impugnações e recursos integra o fluxo regular dos processos de contratação pública, especialmente em licitações d","5","","2026-08-26T16:58:36.543Z"
"64146b92e244b8a632a2935ac3764e8626ec62f540bde1491b03f0393e31244e","2026-10-07T17:50:14.907Z","2026-10-07T23:36:08.461Z","2026-10-07T15:00:00.000Z","GOVERNANÇA","","","","confirmado","elegivel","Data do coleta dentro da janela.","Lei 1.261/2026 ratifica alteração do protocolo e delega o SIM ao CIDESPA","confirmado por revisão editorial — a lei comprova ratificação da alteração e lista Marcelândia entre os consorciados; não documenta ingresso novo em 2026","não inferido automaticamente","lei","","","","MT","LEI MUNICIPAL Nº 1.261/2026 SÚMULA: “RATIFICA A ALTERAÇÃO DO PROTOCOLO DE INTENÇÕES E DO CONSÓRCIO INTERMUNICIPAL DE DESENVOLVIMENTO SUSTENTÁVEL PORTAL DA AMAZÔNIA - CIDESPA, EM CONFORMIDADE COM A LE","Jornal Oficial AMM-MT","https://amm.diariomunicipal.org/publicacao/1920936/","Autoria: Poder Executivo LEI MUNICIPAL Nº 1.261/2026 SÚMULA: “RATIFICA A ALTERAÇÃO DO PROTOCOLO DE INTENÇÕES E DO CONSÓRCIO INTERMUNICIPAL DE DESENVOLVIMENTO SUSTENTÁVEL PORTAL DA AMAZÔNIA - CIDESPA, EM CONFORMIDADE COM A LEI Nº 11.107, DE 06 DE ABRIL DE 2005, E COM O DECRETO FEDERAL Nº 6.017, DE 17 DE JANEIRO DE 2007, E DÁ OUTRAS PROVIDÊNCIAS.” Á CAMARA MUNICIPAL DE MARCELÂNDIA, Estado de Mato Grosso, no uso de suas atribuições legais, aprovou e eu, Celso Luiz Padovani, Prefeito Municipal de Ma","19","",""
"65b2614df4b33fe6a567b0f6ad637066eedd70623167c1e6378b8afd6f20f79c","2026-10-06T17:11:05.845Z","2026-10-10T09:50:01.552Z","2026-10-06T07:22:05.000Z","ADESÃO AUTORIZADA","","2026-06-23T12:00:00Z","","confirmado","historico","a lei foi publicada em junho de 2026; a página de pauta antiga foi reindexada pelo Google em outubro e não comprova evento novo","Lei 1117/2026 autoriza ingresso de Campina Grande do Sul no CISPAR","confirmado por revisão editorial — a ficha da pauta isolada não prova aprovação, mas a norma jurídica vinculada no SAPL é lei municipal publicada em 23/6/2026 e autoriza o ingresso; efetivação da adesão não comprovada","não inferido automaticamente","notícia ou página","","","","","Câmara Municipal de Campina Grande do Sul Pr - sapl.campinagrandedosul.pr.leg.br","sapl.campinagrandedosul.pr.leg.br","https://news.google.com/rss/articles/CBMib0FVX3lxTE9uUkdrUFJtMHFmMHVMY1pHTGZoTXhxbTFmSWdJSHF6MVU0Z1FvQmw2RnRqT1k3R3JaTjN2dEpFSWpwa3MxeVY0Y08wU2JsZ216c0NSTVNYdV8xNkN4VU5YbGZRemJZSDF1UnA4cV9IVQ?oc=5","re de 2026 da 2ª Sessão Legislativa da 18ª Legislatura) Matérias da Ordem do Dia Matéria Projeto de Lei Ordinária nº 33 de 2026 Autoriza o ingresso do Município de Campina Grande do Sul no Consórcio Intermunicipal de Saneamento do Paraná (CISPAR), ratifica o Contrato de Consórcio Público e o Estatuto Social do referido Consórcio, e dá outras providências. Tipo de votação Nominal Situação de Pauta Observa","5","",""
"66f61094fcea12a719b2e389d5419b122edfc10367923505a5a5d5b3b1a31b3e","2026-09-18T18:27:12.503Z","2026-09-24T19:09:42.997Z","2026-09-17T19:28:42.000Z","ADESÃO AUTORIZADA","","","","confirmado","enviado","Enviado ao WhatsApp anteriormente.","Lei municipal 4.674/2026 sancionada autoriza ingresso; adesão efetiva não comprovada","confirmado por revisão editorial — reportagem relata a sanção da lei que autoriza ingresso de Ribeirão das Neves no Icismep e permite assinatura futura de protocolo e contratos; a manchete diz oficializa adesão, mas o corpo não prova ingresso consumado","não inferido automaticamente","notícia ou página","","","","","Ribeirão das Neves oficializa adesão ao consórcio intermunicipal Icismep para ampliar serviços de saúde - RibeiraoDasNeves.net","RibeiraoDasNeves.net","https://news.google.com/rss/articles/CBMi8AFBVV95cUxOaS1URnQ2bE0yOWJYR1Q1a0F1ZjBLa0h6a3BmX2JuOWc5SVI4REdDMmUzRmNOZjRWRkladHhVSTBHbWV1c1hkYS1OLW1aUFlDRTZqeTJDQjVEQlVPZlAzQWRoN3JyMUxmYlVlTHN3YU9TVGxGR3I0UWhUcV80R0ZSajEzZ3QzalAyXy0zcnZCblJnRTZQdVhoMzduU1dnWFpveUxhckxZaU1nLWF1MmVWeThHcEVUOHNnS2kxR1J3Z2hXZ1hkcnN4QUF2SFhoTm8tQ2xaSzJXVnNXUzJxQ1E5UnQxQmMxRWFHUFNiRVQ0X2g?oc=5","Foi sancionada pelo prefeito Túlio Martins Raposo e publicada no Diário Oficial do Município a Lei Municipal nº 4.674/2026, que autoriza formalmente o ingresso de Ribeirão das Neves no Instituto de Cooperação Intermunicipal do Médio Paraopeba (Icismep).A medida permite que o município assine o protocolo de intenções e celebre contratos de consórcio público com a entidade, com o objetivo principal de reforçar a ofert","12","approved","2026-09-18T18:27:20.883Z"
"6b8457b976c27faa50b120be064d8223351e2ee8ac1c1bc5085ff3eb892162ae","2026-09-22T09:56:26.726Z","2026-09-28T09:44:43.609Z","2026-09-21T12:00:00-03:00","ATUAÇÃO","","","","confirmado","enviado","Enviado ao WhatsApp anteriormente.","contrato 230/2026 de locação de equipamentos assinado","confirmado por revisão editorial — extrato documenta contrato de serviços entre Campo Mourão e CONDESCOM; protocolo e estatuto são fundamentos, não atos alterados","não inferido automaticamente","ato oficial (tipo a verificar)","","","Campo Mourão","PR","Diário Oficial de Campo Mourão (PR)","Querido Diário","https://data.queridodiario.ok.org.br/4104303/2026-09-21/b740c77d9bdaf69e95ca926a078281a9614480fd.pdf","333903999990 - 889 DATA DE ASSINATURA: 18 de setembro de 2026. FORO: Comarca de Campo Mourão. EXTRATO DO CONTRATO DE PRESTAÇÃO DE SERVIÇOS Nº 230/2026 DISPENSA PRESENCIAL Nº 148/2026 - HOMOLOGADO EM 10/09/2026 PROCESSO DIGITAL Nº 43946/2026 PROCESSO ADMINISTRATIVO LICITATÓRIO Nº 427/2026 – GELIC PARTES: O Município de Campo Mourão e Consórcio Intermunicipal para o Desenvolvimento dos Municípios da Região de Campo Mourão - CONDESCOM. OBJETO: Locação de equipamentos rodoviários através do consórci","14","","2026-09-22T09:56:30.243Z"
"6b90a1af534dd34f207267225e2852bf9991647c86453a6b5557edddfea8a55f","2026-10-08T16:28:18.840Z","2026-10-10T09:50:01.552Z","2026-10-08T12:00:00-03:00","ATUAÇÃO","","","","confirmado","elegivel","Data do coleta dentro da janela.","apostilamento 20/2026 reajusta contrato de serviço do CONIRPI em 07/10/2026","confirmado por revisão editorial — página 4 registra ato contratual efetivo do consórcio, embora não seja mudança de membros nem decisão do TCE","não inferido automaticamente","ato oficial (tipo a verificar)","","","Salto","SP","Diário Oficial de Salto (SP)","Querido Diário","https://data.queridodiario.ok.org.br/3545209/2026-10-08/a845a7ed2e1bec8d4ec2986fbf2723f8fbaa9490.pdf","Quinta-feira, 08 de outubro de 2026 Ano IX | Edição nº 2334 | Página 4 de 28 Município de Salto - SP Diário Oficial assinado digitalmente conforme MP nº 2.200-2, de 2001, e Lei 14.063, de 2020, garantindo autenticidade, validade jurídica e integridade. CONSÓRCIO INTERMUNICIPAL DO RIBEIRÃO PIRAÍ – CONIRPI CNPJ Nº 07.078.236/0001-90 DISPENSA Nº 03/2025 - PROCESSO Nº 10/2025 PUBLICAÇÃO DO TERMO DE APOSTILAMENTO Nº 20/2026 PARA REAJUSTE DE VALOR DO CONTRATO Nº 07/2025 PARA PRESTAÇÃO DE SERVIÇOS INTE","11","rejected",""
"6ce62f55c6dde32c9682299f89a25071919dc45efbd132530f5d849fca360750","2026-09-30T06:42:47.269Z","2026-10-06T01:46:50.944Z","2026-09-29T12:00:00-03:00","COOPERAÇÃO AUTORIZADA","","","","confirmado","enviado","Enviado ao WhatsApp anteriormente.","Lei 886/2026 autoriza convênio de compras e serviços com CONAGRESTE","confirmado por revisão editorial — o ato autoriza cooperação e licitações compartilhadas, não ingresso institucional; convênio, rateio e serviços futuros ainda não são comprovados como celebrados","não inferido automaticamente","lei","","","Junqueiro","AL","Diário Oficial de Junqueiro (AL)","Querido Diário","https://data.queridodiario.ok.org.br/2700000/2026-09-29/eba66af2865d380a493a4d7847c64109ee2821b4.pdf","jurídicos pertinentes a celebração de concessão, permissão, parceria e termos similares, a serem executadas pelo Consórcio em favor do Município, bem como as ações concernentes à manutenção, operacionalização e ampliação dos serviços municipais a serem prestados pelo Consórcio Conagreste na administração de programas governamentais, projetos afins e a criação de novos serviços públicos de interesse do Município. Art. 3º - O Consórcio Público poderá emitir documentos de cobrança e exercer ativida","11","approved","2026-09-30T06:42:48.356Z"
"6dbfedb890b56e8eb7dae1f2b8a600420bee27221bee6f037e237ab978c4722c","2026-08-29T14:27:29.999Z","2026-08-29T14:27:29.999Z","","ATUAÇÃO","","","","confirmado","enviado","Enviado ao WhatsApp anteriormente.","assembleia do CIMAMS realizada em 26/08/2026; Rubelita participou; adesão não inferida","confirmado por revisão editorial — a matéria relata assembleia realizada e pauta concreta de prestação de contas e estratégias de gestão; é atuação comprovada, não mudança na composição","não inferido automaticamente","notícia ou página","","","","","Rubelita marca presença na assembleia do CIMAMS (Consórcio Intermunicipal Multifinalitário da Área Mineira da Sudene) – Jornal Panorama - Jornal Panorama Minas","","https://news.google.com/rss/articles/CBMi5gFBVV95cUxOd2JJSzNSbDBqMlZ5bkxYanFndlhLYV96Ym03SFBNT21NbGVnSkVpVFpCYjVlM1hlMzJfNERzTS1CeERjcmFsdWtBcDBsUWhFWGoyUHE0aXFQdGtnd0R4OXFiLU51S1RVTTVrYjJWb3A0Wnd3aVVNSVJmcDJEMFpxUGpUUi1xX1FySkFWLVdHbnRHOXQ1OTJTZG9taGRrUHQtdFVfcHVfT1JGQWlHZlFFT2ZRZWR6OTRNWG9DdmpIbENyM0U0cVVSaHZXcXc2WnNEVkN1Wk43VGlWZTJaSGhhSE42czllUQ?oc=5","Encontro realizado na quarta-feira (26.08) abordou prestação de contas, estratégias de gestão e iniciativas para fortalecer a atuação conjunta na região. A participação de Rubelita na assembleia do CIMAMS (Consórcio Intermunicipal Multifinalitário da Área Mineira da Sudene), realizada na quarta-feira (26.08), reforçou a importância da cooperação entre os municípios para o desenvolvimento de ações conjuntas e o fortalecimento das políticas públicas regionais. Entre para o canal de notícias do Jor","5","","2026-08-29T14:27:29.999Z"
"70ccc357b4bc1bd6b37fa7cffcda6da20404ce402b31031742f13e83aac63767","2026-10-06T01:46:50.944Z","2026-10-07T02:23:12.409Z","2026-10-05T15:00:00.000Z","RATEIO","","","","confirmado","elegivel","Data do coleta dentro da janela.","segundo aditivo ao rateio 001/2026 assinado","confirmado por revisão editorial — município e CISRAT assinaram aditivo para ampliar consultas e exames; o texto contém divergência entre valor numérico e valor por extenso em uma cláusula","não inferido automaticamente","contrato de rateio","","","","MT","SEGUNDO TERMO ADITIVO AO CONTRATO DE RATEIO Nº 001/2026","Jornal Oficial AMM-MT","https://amm.diariomunicipal.org/publicacao/1919856/","SEGUNDO TERMO ADITIVO AO CONTRATO DE RATEIO Nº 001/2026, QUE CELEBRAM O MUNICÍPIO DE NOVA BANDEIRANTES/MT E O CONSÓRCIO INTERMUNICIPAL DE SAÚDE DA REGIÃO DO ALTO TAPAJÓS, PARA FINS QUE ESPECIFICAM. MUNICÍPIO DE NOVA BANDEIRANTES/MT, pessoa jurídica de direito público interno, inscrita no CNPJ sob nº. 33.683.822/0001-73, com sede na Avenida Comendador Luiz Meneguel, n.º 62, CEP: 78565-000, neste ato representado por seu Prefeito Municipal, Sr. JOÃO ROGÉRIO DE SOUZA, brasileiro, solteiro, empresár","12","",""
"71207720ec9826e5636dc858a6d43a672fd2440d11722e02aa37ae6a77977b83","2026-10-09T02:56:48.364Z","2026-10-10T09:50:01.552Z","2026-10-08T12:00:00-03:00","ADESÃO","","","","candidato","enviado","Enviado ao WhatsApp anteriormente.","autorização — ingresso não comprovado","publicado pelo radar — não confirmado manualmente","não inferido automaticamente","ato oficial (tipo a verificar)","","","Betim","MG","Diário Oficial de Betim (MG)","Querido Diário","https://data.queridodiario.ok.org.br/3106705/2026-10-08/045a7e6748f9c4e53fcc3a60eae97ab6773b235c.pdf","já executada). Vigência: De 02/10/2026 a 02/10/2027 (12 meses). Signatários: Pelo Município, Sra. Christiane Alves Passos Nogueira, Secretária Municipal de Assistência Social, e como contratada, o Sr. Igor Guadalupe Coelho. Data de Assinatura: 02/10/2026. Responsável pelo extrato: Secretaria Municipal de Compras e Licitações - (31) 3512-3147. PAC nº ADM0097/2026 - Dispensa de Licitação nº 14/2026 – Ato de Autorização – cujo objeto é “Adesão ao consórcio CEMIG SIM, no âmbito do sistema de geração","9","approved","2026-10-09T10:32:03.121Z"
"7337074335337e4aa9767eaff50eb1259065bc4f4d664e34904e72a7c847f6b5","2026-08-14T13:15:16.639Z","2026-08-14T13:15:16.639Z","","GOVERNANÇA","","","","confirmado","enviado","Enviado ao WhatsApp anteriormente.","Lei 1910/2026 ratifica quarta alteração do protocolo do COINTA","confirmado por revisão editorial — Costa Rica já consta como município consorciado na consolidação; ato altera protocolo/contrato, não é nova adesão","não inferido automaticamente","notícia ou página","","","Costa Rica","MS","Diário Oficial de Costa Rica (MS)","","https://data.queridodiario.ok.org.br/5003256/2026-08-10/9c11e493bd647f34af9b601a6ef6f6902742c58d.pdf","","5","","2026-08-14T13:15:16.639Z"
"741925b54dd1cf0c5efe2ccf6699ecd305fdd39b8ba7b3869bcc883d730b92da","2026-09-20T21:31:57.754Z","2026-09-27T18:59:07.687Z","2026-09-20T19:08:00.000Z","ATUAÇÃO","","","","confirmado","historico","Data do coleta (2026-09-20) anterior à janela de 168 horas.","CISOP suspendeu atendimentos de 21/9/2026 após furto de cabos","confirmado por revisão editorial — interrupção operacional concreta; não é saída de município nem extinção do consórcio","não inferido automaticamente","notícia ou página","","","","","Sem energia e sem consultas: vândalos invadem o Cisop, levam fiação e paralisam atendimentos em Cascavel - bandab.com.br","bandab.com.br","https://news.google.com/rss/articles/CBMijgFBVV95cUxQSTZmaUtMMW1fSVZYUlgxa1U4NVNwWnd0ZC1rM21hT0tWeVpXV1lVd0dWaWFxSzREV0w2VER0X3hpTkpCSzMydWF5X09NVGtOSjhRNGtUZ3FtSDkyeXRpTDB5c0dYMUZla2Y1ZnBvdzRjNnAzbVZ1d1IteTdVSFhlWjBGQ2FSbG1Sd0wwTFpB0gGTAUFVX3lxTE5KY2c3NWRpVzFGNG5HWWtkTGxub0J4TldmbEc1SjdCRGpjVGRYa3NfRlZuaW5iVDh0c3lsZUF3VDc0YlZldW04NGNHcWgxSWN1YUNnNzIwRE9qZ2d0Qm02LVFlbFU5VXVJSDlrOE1DdVp5YlZFMEpWX0FKNC1oRjJ0SWlwM0VXQnh2QUVGZ0Qyb284QQ?oc=5","Moradores de 25 municípios do Oeste do Paraná ficarão sem atendimentos médicos nesta segunda-feira (21) no Consórcio Intermunicipal de Saúde do Oeste do Paraná (Cisop), em Cascavel. A paralisação total dos serviços foi causada por um furto de cabos e vandalismo na rede elétrica do consórcio, registrados neste domingo (20), que também destruíram o quadro do gerador. Prédio teve a rede elétrica destruída por vândalos em caso de furto de cabos no Cisop. Foto: Divulgação/Cisop O ataque à estrutura p","5","",""
"78d0159cd6802a5e67cb64998c6a2c9c4542a08d01f979cc7884840059334a5d","2026-09-26T08:34:55.131Z","2026-10-02T00:47:29.957Z","2026-09-25T12:00:00-03:00","ATUAÇÃO","","","","confirmado","historico","Data do coleta (2026-09-25) anterior à janela de 168 horas.","extratos de contratos de programa assinados em 01/05/2026","confirmado por revisão editorial — página 91 documenta contratos de programa de Salinas com consórcios de saúde para SAMU e transporte; vigência impressa como 2023 é inconsistente e não foi corrigida por inferência","não inferido automaticamente","ato oficial (tipo a verificar)","","","Salinas","MG","Diário Oficial de Salinas (MG)","Querido Diário","https://data.queridodiario.ok.org.br/3157005/2026-09-25/6fd0272b85b8b7b4fa6e4057094f0f606540efb3.pdf","Prefeitura Municipal de Salinas, 29 de maio de 2026. JOAQUIM NERES XAVIER DIAS Prefeito Municipal http://www.salinas.mg.gov.br/ PÁGINA 91 ANO XXVI - Nº 252 Maio 2026 EXTRATOS DE CONVÊNIOS PREFEITURA MUNICIPAL DE SALINAS Estado de Minas Gerais Maio 2026 | Gerência de Convênios, Contratos e Prestação de Contas PREFEITURA MUNICIPAL DE SALINAS. Contrato de Programa 2026, que entre si celebram o Consórcio Intermunicipal de Saúde da Rede de Urgência do Norte de Minas - CISRUN e o Município de Salinas/","10","rejected",""
"794018bca4350eadd8e6ac0f71f85240505d16be7f7828103654d9ede5e03cd9","2026-09-18T18:27:12.503Z","2026-09-24T12:26:20.298Z","2026-09-17T12:00:00-03:00","RATEIO","","","","confirmado","enviado","Enviado ao WhatsApp anteriormente.","contrato de rateio 001/2026 firmado para o exercício de 2027","confirmado por revisão editorial — o diário publica o contrato de rateio completo e assinado; a cláusula genérica de improbidade não é uma ação de controle","não inferido automaticamente","contrato de rateio","","","Votuporanga","SP","Diário Oficial de Votuporanga (SP)","Querido Diário","https://data.queridodiario.ok.org.br/3557105/2026-09-17/5311f7229ce889098f28c69005a640e653aab421.pdf","correrão à conta das dotações orçamentárias de cada Ente Consorciado. CLÁUSULA ONZE - Os Entes Consorciados aportarão no exercício de 2027, o valor de seus repasses definidos para o exercício financeiro de 2027, onerando as dotações correspondentes do Orçamento Municipal de cada Ente, sob a seguinte Natureza de Despesa e Elemento Econômico: 3.3.00.00.00 - OUTRAS DESPESAS CORRENTES 3.3.71.70.00 - Rateio pela Participação em Consórcio Público CLÁUSULA DOZE - Conforme previsão legal, constitui ato ","19","approved","2026-09-18T18:27:14.722Z"
"7c686c4bf7b4e4409be57b64c3e6d3f0fc6b4a7329bd7c5571159b5a71e54534","2026-10-06T17:11:05.845Z","2026-10-07T02:23:12.409Z","2026-10-06T15:00:00.000Z","GOVERNANÇA","","2026-10-05T00:00:00.000Z","","confirmado","elegivel","Data do fato dentro da janela.","estatuto consolidado ratificado por lei municipal","confirmado por revisão editorial — o art. 1º ratifica estatuto do CIDESAPA e alteração contratual correspondente; a ementa sobre créditos tributários não descreve o conteúdo real do ato","não inferido automaticamente","ato oficial (tipo a verificar)","","","","MT","LEI Nº 1376 DE 05 DE OUTUBRO DE 2026.","Jornal Oficial AMM-MT","https://amm.diariomunicipal.org/publicacao/1920370/","LEI Nº 1376 DE 05 DE OUTUBRO DE 2026. Autoriza o Poder Executivo Municipal a reconhecer a prescrição e promover o cancelamento e a baixa administrativa, tributária e contábil de créditos tributários prescritos, não ajuizados, e dá outras providências. O PREFEITO MUNICIPAL DE TORIXORÉU, Estado de Mato Grosso, Senhor THIAGO TIMO OLIVEIRA, no uso das atribuições que lhe são conferidas pela Lei Orgânica Municipal, faz saber que a Câmara Municipal aprovou e ele sanciona a seguinte Lei: Art. 1º Fica r","12","",""
"94f6bd413a3a578f882ce97c5375b2fb8e3105c2a8ff0d0de5ddb058d488ac6a","2026-09-21T17:02:57.673Z","2026-09-28T09:44:43.609Z","2026-09-21T12:04:22.000Z","ADESÃO AUTORIZADA","","","","confirmado","enviado","Enviado ao WhatsApp anteriormente.","Lei 3309/2026 autoriza ingresso de Centenário do Sul no CISPAR","confirmado por revisão editorial — lei digitalizada comprova autorização e ratificação dos documentos do CISPAR, não a adesão consumada","não inferido automaticamente","notícia ou página","","","","","Legislação - Autoriza o ingresso do Município de Centenário do Sul no Consórcio Intermunicipal de Saneamento d... - Câmara Municipal de Centenário do Sul","Câmara Municipal de Centenário do Sul","https://news.google.com/rss/articles/CBMitwNBVV95cUxOaUpPRWhiMHdncmlNTEprT04xZm52R0lxZDMxS2dHRl9DWU40UjVlMDI1ZWZXM2V0UUg3N3hDODF5NE84TE1nT3lkNFowMjJsTTVmNm9CbEZqR2VFWmxRYXpKa25waGhpREhhOHpueS1NbFprNFBjVjlxSG9Ndm4yN2dub1pmLWdaYUtUTzkzNDI1d3N5QUdrYWRfNHRXeWYxajlSQVc4ODRvWjA0N1pGbTZpLThWRkt5bjVNYjFoR0VnOG4tYkt3TWhlX1hkaWdLT1FsSEpraGZWVHBHRVI4OTlaa2ZQTVlaNjh4V1BwQ0g1YjFyUUV5bGRLQnF3TGtiZ2d1VW1BZ1FSNGFaREVBcTVUUHRldmtYVFVlX29qaEEzVE1JQ0VuVmhOUEhidEFSR3BGSW1ud2xpc3JzOFVRa2xSUFU5RVNOZTRqZ0p6aUZjRWZ1Tm9raVZwZ2t3amd0RFVHVmxlaVNyQkpDUDZnM09nc2Jqcy1YMVd1eFNGRkNKWko4QnhTX2d4bTFnNWwtWEVsdldqRzluR1hZM2JVMWJQUjNXSGRfNjRDdHgzN2FpUlBfWkJZ?oc=5","Data 2026 Ativa (Não consta revogação expressa) 21/09/2026 Número 3309 Legislatura 2025-2028 Ementa Autoriza o ingresso do Município de Centenário do Sul no Consórcio Intermunicipal de Saneamento do Paraná (CISPAR), bem como ratifica o seu Contrato de Consórcio Público e o seu Estatuto Social. Projeto de Origem Clique aqui para ver o projeto de origem Arquivos Número: 3309 Alteram ou Revogam - 3309/2026 Nenhum documento ca","13","approved","2026-09-21T17:02:59.797Z"
"97888cdbc4139f52de557a7c5321f8f8ff2082fcba1231438afaae3f27988d4c","2026-09-15T18:10:58.887Z","2026-09-19T23:02:42.274Z","2026-09-15T14:00:00.000Z","CONTROLE","","","","confirmado","historico","Data do coleta (2026-09-15) anterior à janela de 168 horas.","MPMT recomenda medidas ao CISVP e municípios para o Hospital Regional de Peixoto de Azevedo","confirmado por revisão editorial — reportagem documenta cobrança do Ministério Público, com prazo informado de 10 dias para resposta e medidas; eventual ação civil pública ou dissolução do consórcio não ocorreu no texto","não inferido automaticamente","notícia ou página","","","","","Após suspensão de cirurgias, MP cobra prefeitos por solução em hospital - pontonacurva.com.br","pontonacurva.com.br","https://news.google.com/rss/articles/CBMiugFBVV95cUxOMkluNVZLa0diNmZteVB1SnhPZ3dpeDF6QlJMWVdYOVdMWFlZQnlQRFZ4RGRtbzNnSmJ2bkc2cUVlWWhWZFladm54aUNqYklSb2I0TWlWR2ZkTkQtemhlTEJxWTNsaXB2ZnEzT3dGdGc3c2NiS3YxRkF5c2plTWl1RHVkbDh2LUFFRkpQYkdnZnZlcU4xb1JoTkhZUkREVTlVcVQ1WTBfbDJDaElWVFpXUEFXTFpXbm5Dc3c?oc=5","spital, as Promotorias de Justiça apresentaram análise sobre a situação jurídica do CISVP. Segundo o Ministério Público, o consórcio não teria concluído o processo de constituição previsto na Lei nº 11.107/2005, o que levanta questionamentos sobre sua regularidade institucional e sobre a forma de repasse dos recursos públicos. Durante a reunião, foram apresentados aos gestores três caminhos para adequação da entidade: a regularização do consórcio como associação pública, a regularização sob a fo","5","",""
"9e51dae987b55f1a6b4e95dc67cb5a9420e7ac8b4e0ba343589ffba1d49080d4","2026-10-01T20:21:10.757Z","2026-10-08T07:24:18.458Z","2026-10-01T15:45:00.000Z","CONTROLE","","","","confirmado","historico","Data do coleta (2026-10-01) anterior à janela de 168 horas.","TCE-PB desaprovou contas de 2023 do CISVAP; cabe recurso","confirmado por revisão editorial — a manchete destaca câmaras municipais, mas o texto e a notícia oficial do tribunal registram decisão sobre o consórcio","não inferido automaticamente","notícia ou página","","","","","TCE rejeita contas das Câmaras de Igaracy e Mato Grosso e manda gestores devolverem recursos - reporterpb.com.br","reporterpb.com.br","https://news.google.com/rss/articles/CBMi8wFBVV95cUxOekZoWThBNUh4T0JQeU5wQjZzcXRxdC1IX0FrUkVmYno0UWpCa1c2RldpX0xFY3d0NjJqWk5fZ3RDbWYwZGNoam11T25Zd2Y4c2w0OFhVeXgyRWdoSktEaFR6ZXdoLThWUkhYWWo5cFBleWVfWDlYeGRIcnhScDRNbG5Nbklmd0JRVWRhdnM5QmZFcEdTdXplelppRUw2VXFzNjZmLWhqaWxUWE1ubHZxOEJvRFdjSTlVUmR1XzZTM0w5SXp0X3RadTMza215STE1SmdJV2dfS0lhbm5mcjhnblZabWU3SGg4WWFJN0RKWWp5eEU?oc=5","Portal de entrada da cidade de Mato Grosso-PB ‧ Foto: Daniel Alexandre/ReporterPBTamanho da FonteA 1ª Câmara do Tribunal de Contas do Estado da Paraíba (TCE-PB) desaprovou, na manhã desta quinta-feira (1º), as contas anuais relativas ao exercício de 2025 de duas câmaras municipais do Sertão. A rejeição atingiu as gestões dos presidentes dos legislativos de Igaracy, Geraldo Batista de Souza, e de Mato Grosso, Gilson José de Lima.O colegiado acolheu o voto do conselheiro relator Antonio Gomes Viei","5","",""
"a01a83c0cedc579416617fd7d41ba9be8d19b2062d37a1584462884a1c06c6aa","2026-09-14T19:58:39.657Z","2026-09-17T13:25:57.252Z","2026-09-10T14:22:53.000Z","ATUAÇÃO","","","","confirmado","enviado","Enviado ao WhatsApp anteriormente.","parceria CONIAPE–MAPA anunciada como firmada","confirmado por revisão editorial — fonte institucional afirma parceria no Agrinordeste para avançar no SISBI; texto não publica instrumento nem execução de medidas específicas","não inferido automaticamente","notícia ou página","Consórcio Público Intermunicipal do Agreste Pernambucano e Fronteiras","CONIAPE","","PE","CONIAPE firma parceria com o Ministério da Agricultura e Pecuária do Governo Federal","CONIAPE","https://consorcioconiape.pe.gov.br/2026/09/10/coniape-firma-parceria-com-o-ministerio-da-agricultura-e-pecuaria-do-governo-federal/","Durante a Agrinordeste, que ocorreu nos 3 a 6 de setembro de 2026, no Centro de Convenções de Pernambuco, o CONIAPE firmou parceria com o Ministério da Agricultura e Pecuária (MAPA) para avançar na implementação do SISBI – Sistema Brasileiro de Inspeção de Produtos de Origem Animal, através da superintende, Cláudia Guerreiro, do NIESMA – NÚCLEO INTERMUNICIPAL DE ENGENHARIA, SANEAMENTO BÁSICO E MEIO AMBIENTE. A iniciativa tem como objetivo fortalecer as agroindústrias dos municípios consorciados,","9","","2026-09-14T19:58:43.460Z"
"a41575afa3947edb4a2801e4c061f951c67c4815a7bf209b6f72a2063a07e0f2","2026-10-08T16:28:18.840Z","2026-10-09T02:56:48.364Z","2026-10-08T15:00:00.000Z","ATUAÇÃO","","2026-10-02T00:00:00.000Z","","confirmado","historico","Data do fato (2026-10-02) anterior à janela de 168 horas.","CIDESAA publicou instrução normativa do Serviço de Inspeção Municipal em 02/10/2026","confirmado por revisão editorial — ato oficial assinado pelo presidente do consórcio estabelece procedimentos técnicos para o SIM/SISBI-POA; a palavra suspensão refere-se a estabelecimentos e produtos, não ao consórcio","não inferido automaticamente","ato oficial (tipo a verificar)","","","","MT","INSTRUÇÃO NORMATIVA Nº 016 DE 02 DE OUTUBRO DE 2026.","Jornal Oficial AMM-MT","https://amm.diariomunicipal.org/publicacao/1921829/","INSTRUÇÃO NORMATIVA Nº 016 DE 02 DE OUTUBRO DE 2026. Estabelece os procedimentos administrativos e técnicos para habilitação, manutenção, suspensão, desabilitação e reabilitação de estabelecimentos e produtos registrados no Serviço de Inspeção Municipal, executado ou coordenado pelo Consórcio Intermunicipal de Desenvolvimento Econômico, Social e Ambiental do Araguaia, para comercialização interestadual no âmbito do Sistema Brasileiro de Inspeção de Produtos de Origem Animal – SISBI-POA. O CONSÓR","11","",""
"a9b9bf3ab85d39b5389f22e7795e3ef4bbc5c160d99ab1daf2ce5fdff4e7c4c2","2026-10-02T00:47:29.957Z","2026-10-04T17:34:40.550Z","2026-10-01T05:39:37.000Z","GOVERNANÇA","","","","confirmado","historico","Data do coleta (2026-10-01) anterior à janela de 168 horas.","Lei 1777/2026 de Congonhal ratifica alteração do contrato do CISMARPA","confirmado por revisão editorial — a lei sancionada em 9/9/2026 ratifica alteração do contrato de consórcio conforme Resolução 003/2026; não trata de nova criação nem comprova nova adesão municipal","não inferido automaticamente","notícia ou página","","","","","Untitled - Câmara Municipal de Congonhal","Câmara Municipal de Congonhal","https://news.google.com/rss/articles/CBMiyAJBVV95cUxQUjc4aHV1RVowMzN6MzdDTjYtOVFaWnJGUWhUNWdDVzlTTXdKNnY1X2R5M1pkakRkSG1EUkpuc0t3SWFVUHduUnBpYkxibHdtXzRpNDlSaUlsZVp6R3QzcnBHb2Z5YkZDS1UySnNPVXY3bHNQR0Y3Vk82V1BrVWZIODBZSk12TVNYZTk4WmItZFQ0VzJEMzI1aVljTzRWWC1QWDJiZ1FOVE9KTUNJaGVtWnVPZTdPSjdXSWgwWXR6dE5KaFpVQWdCbHZLc3pSaXdDdml2SXU5UVNTMVM1OEhCUW1PMEE2b3lfcE1RTVF4VEFuTlJqbmpfMnZnSkcyNkRBd3dNWFdwMS1YcVdyajYycnhNdUQ3MGtWdGF2eFo5cDRVQjJ3X0RHT0tHUjVLS1Vyc2dtQUpBdGdGY0JUT0JrQ1QxS19OVmxx?oc=5","Untitled Câmara Municipal de Congonhal","5","",""
"aeb653ed8f1c45912dcb5feedacff07a4e89e65108857d659c838b3a6baf7567","2026-09-24T12:26:20.298Z","2026-09-30T06:42:47.269Z","2026-09-23T12:00:00-03:00","FINANÇAS","","","","confirmado","historico","Data do coleta (2026-09-23) anterior à janela de 168 horas.","comunicados de quebra da ordem cronológica de pagamentos publicados em 23/09/2026","confirmado por revisão editorial — página 17 lista consórcios de saúde como fornecedores em empenhos e valores específicos; justifica ordem de pagamento, mas não comprova quitação nem vínculo associativo","não inferido automaticamente","ato oficial (tipo a verificar)","","","Rio Claro","SP","Diário Oficial de Rio Claro (SP)","Querido Diário","https://data.queridodiario.ok.org.br/3543907/2026-09-23/200e252f716db65ffbf569575df6a66ba4d88df0.pdf","ORDEM CRONOLÓGICA Em atendimento à lei 14.133/2021, justifica-se a quebra de ordem cronológica para pagamento do fornecedor abaixo discriminado, independente de sua posição cronológica de pagamento e relevantes razões de interesse público, por tratar-se de prestação de serviços especializados utilizados nas unidades de Saúde e Serviços de Urgência/Emergência do Município. EMPENHO EMPRESA DESCRIÇÃO VALOR R$ 135/2026 CONSÓRCIO INTERMUNICIPAL DE SAÚDE NA REGIÃO METROPOLITANA DE PIRACICABA- CISMESTR","10","rejected",""
"b1b99550b696ba6016e447b55436cbb53ec48ce0df1ba56e33856a65e45aa579","2026-08-20T13:10:34.973Z","2026-08-20T13:10:34.973Z","","ADESÃO AUTORIZADA","","","","confirmado","enviado","Enviado ao WhatsApp anteriormente.","Lei 548/2026 autoriza adesão de Maravilha ao CONAGRESTE","confirmado por revisão editorial — lei sancionada ratifica protocolo e autoriza adesão; art. 2º prevê providências futuras para efetivar ingresso","não inferido automaticamente","notícia ou página","","","Maravilha","AL","Diário Oficial de Maravilha (AL)","","https://data.queridodiario.ok.org.br/2700000/2026-08-19/a903c936a2880563cc4398bea50611edd05a3626.pdf","","5","","2026-08-20T13:58:22.292Z"
"b4e307c829e9da01d07e4af2c01aed82370a9d2223967661154467ff5b813fa1","2026-09-16T05:59:12.856Z","2026-09-20T06:14:01.170Z","2026-09-15T18:19:00.000Z","FINANÇAS","","","","confirmado","enviado","Enviado ao WhatsApp anteriormente.","PAICI de agosto zerado para oito municípios inadimplentes","confirmado por revisão editorial — anexo da portaria estadual confirma oito linhas com PAICI-mês e PAICI-ano zerados por inadimplência da cota de rateio municipal; não demonstra falência ou paralisação dos consórcios","não inferido automaticamente","notícia ou página","","","","","Inadimplência deixa oito municípios de MT sem incentivo estadual para consórcios de Saúde - issoenoticia.com.br","issoenoticia.com.br","https://news.google.com/rss/articles/CBMi3gFBVV95cUxQWGFNS2d0NlNlcE13VU9PTnBTamRGejNJT2h3MVM1MVpkbHppN1NZcmNJQV9RSUJFdFVaN0JsVE1WTFAwRE1RZGQ0X3FXZGRWcDhHQ0FWTFFpOTgzeTVLLUhvNjg2ckZKa190eGhFZDhULUdxNmZGNTJhek1CenAxWGJjS2FuRkhZd3lkOW9IanFEaHFzWTJvNF8yWE5qaE5TbGtqUm9aZUcyeWFDSXEzYXE1MFpPMnpuMlpSQVRaRWhmeXF6MVdLOWl6b2RFak91Wm9DX0RGeG1MOVR1UHc?oc=5","Marcos Vergueiro/Secom-MTSecretaria de Saúde do Mato Grosso (SES) Oito municípios de Mato Grosso ficaram sem receber, em agosto, o incentivo financeiro estadual destinado ao Programa de Apoio ao Desenvolvimento e Implementação dos Consórcios Intermunicipais de Saúde (PAICI). A relação consta em portaria publicada no Diário Oficial do Estado desta terça-feira, 15 de setembro. Os municípios que aparecem com o repasse zerado são Nova Olímpia, São José do Rio Claro, Nova Nazaré, Barra do Bugres, Jac","19","","2026-09-16T05:59:15.834Z"
"b999516d1ecffa6fe25d5b4e56adce42098c762d2fd474f7e95ac9d1c883d13d","2026-10-07T23:36:08.461Z","2026-10-07T23:36:08.461Z","2026-10-06T16:04:46.000Z","ATUAÇÃO","","","","confirmado","elegivel","Data do coleta dentro da janela.","CIMU abriu chamamento público 01/2026 para ônibus Rio Negro–Mafra","confirmado por revisão editorial — abertura concreta do chamamento foi confirmada pela ANTT; contratação ou início de operação de nova empresa ainda não comprovados","não inferido automaticamente","notícia ou página","","","","","Rio Negro (PR) e Mafra (SC) buscam empresa para ligação de ônibus após histórico de crise e operações provisórias - Diário do Transporte","Diário do Transporte","https://news.google.com/rss/articles/CBMi6wFBVV95cUxPQmd3bzBfbWE3SnhSRGItak9qSFozbHZUVnJUa0tjZ0pHNXdnUnUxYXExaExydnU2aktiWlRvTzJpaDF4N0czRG9lbVFlNS1KWFBvUnN3YkRvM1V0SERHSnNCZVBpVW93V3hsRElxSGVqLWZzNWxhQ3JJSzdXcUVFWHhYRWVjM0w4bS11RHJwd0FDbVBrd0dfRS1EUXUwbVV5ZWdzZE9rRFkzT1ROX3pPN0NqaWN1MzJFY1B1eWIzam8yV0RXeHVMblFJSngxaW1qLXowc0xjT1RzUl9kQkk5ZWtucklpS2pRM2530gHwAUFVX3lxTE9adkhNTkNVWFVmbU5HZnF5TzIyWXJaOUROSnBCQldvS1U0WkY5a0FLYTY1R3NaVHFGNjB1cGJMRzR6eDc2b1NpUGhJYUhjX29WbnE0UUdDcm5Xd1FyeVpQSVBSVEI1V3RUdURLQ1dqWTVEVG80clJ1QmQyTU9ZUEwwVm1TbGRLMkd4dEo1MHJjLU5Fd25qZDlab2lRQ0doZm9HaUNkdTNKM3ZDRnFWTTN4LTJIOTRWeTZlYXh5RWNCSlVZams5dFY3ZElTbFdHU2dZal92WHlHY2dZei14ZGdRSE1pMHEtM0tEWENXaHRxUA?oc=5","cial. As empresas interessadas devem apresentar os documentos exigidos em envelope fechado ao CIMU, no Setor de Licitações da Prefeitura de Mafra. O prazo termina às 17h de 15 de outubro de 2026. A sessão pública ocorrerá em 19 de outubro, às 14h, no mesmo local, na Avenida Prefeito Frederico Heyse, nº 1386, Alto de Mafra, conforme o comunicado da ANTT. A autorização especial deverá atender o período anterior à conclusão do processo licitatório. Portanto, o procedimento divulgado agora é uma sel","5","",""
"bca6d0b6f93832bf3b7517aa2424d6116147b4a506c6b9236efad1c50de9f4e6","2026-08-14T13:15:22.789Z","2026-08-14T13:15:22.789Z","","RATEIO","","","","confirmado","enviado","Enviado ao WhatsApp anteriormente.","aditivo ao rateio 40/2026 de Contagem com ICISMEP formalizado","confirmado por revisão editorial — extrato publica aditivo de R$ 102.246,32 por retenção de IRRF; informa expressamente que não há transferência financeira adicional","não inferido automaticamente","notícia ou página","","","Contagem","MG","Diário Oficial de Contagem (MG)","","https://data.queridodiario.ok.org.br/3118601/2026-08-13/3463988552bb11f05b4c3320a3e32b298630335d.pdf","","5","","2026-08-14T13:15:22.789Z"
"bfeb5bd35d290e64fb05719ca3e6a895e6cbe0ea92a0a6644d468692857711df","2026-09-26T08:34:55.131Z","2026-10-01T14:27:49.805Z","2026-09-24T12:00:00-03:00","ADESÃO AUTORIZADA","","","","confirmado","enviado","Enviado ao WhatsApp anteriormente.","Lei 3322/2026 autoriza ingresso de Pinhais no CISPAR","confirmado por revisão editorial — lei sancionada autoriza ingresso e ratifica contrato de consórcio e estatuto, sem comprovar entrada consumada","não inferido automaticamente","ato oficial (tipo a verificar)","","","Pinhais","PR","Diário Oficial de Pinhais (PR)","Querido Diário","https://data.queridodiario.ok.org.br/4119152/2026-09-24/06113aedac50ca8bfe694c1bbc276f6feb869edf.pdf","ROSA MARIA DE JESUS COLOMBO Prefeita Municipal Lei 3322/2026, de 23/09/2026 Ratifica a redação do Contrato de Consórcio Público e do Estatuto Social do Consórcio Intermunicipal de Saneamento do Paraná (CISPAR) e autoriza o ingresso do Município no referido Consórcio. A CÂMARA MUNICIPAL DE PINHAIS, Estado do Paraná, aprovou e eu, Prefeita Municipal, sanciono a seguinte Lei: Art. 1° Esta Lei autoriza o ingresso do Município de Pinhais/PR no CISPAR e ratifica as redações do Contrato de Consórcio Pú","11","approved","2026-09-26T08:35:02.070Z"
"c356dc0f6cb47c2f0ea76181f24dc7d75ff40e3601af5f79b06c003a6046c261","2026-09-17T13:25:57.252Z","2026-09-18T04:47:07.838Z","2026-09-11T07:00:00.000Z","GOVERNANÇA","","2026-09-10T00:00:00.000Z","","confirmado","historico","Data do fato (2026-09-10) anterior à janela de 168 horas.","Lei 2209/2026 de Juína ratificou alteração do CIDESA e delegou SIM","confirmado por revisão editorial — lei sancionada altera objetivos e delega competências operacionais; não comprova ingresso novo de Juína","não inferido automaticamente","notícia ou página","","","","","Lei nº 2.209, de 10 de setembro de 2026 - sapl.juina.mt.leg.br","sapl.juina.mt.leg.br","https://news.google.com/rss/articles/CBMiUEFVX3lxTE4zRndCRU1CY1RaOWY4MUx5SGZndU5KeUxGVEpobThrVUtleTdrNGl2YU1sa2w2Z0FSNTlWUXBiOFViM19KWlhCSG1wZTVsZ2tZ?oc=5","Ratifica a alteração do Protocolo de Intenções e do Estatuto do Consórcio Intermunicipal de Desenvolvimento Econômico, Social e Ambiental Vale do Juruena- CIDESA VALE DO JURUENA, em conformidade com a Lei nº 11.107, de 06 de abril de 2005, e com o Decreto Federal nº 6.017, de 17 de janeiro de 2007, e dá o","5","",""
"ca8c07d28d948677c3e27f7d13f01f64b9efcf85d25847b17a2418a994231898","2026-10-07T02:23:12.409Z","2026-10-07T17:50:14.907Z","2026-10-06T18:57:49.000Z","ATUAÇÃO","","","2026-09","confirmado","historico","Data do mês do fato (2026-09-30) anterior à janela de 168 horas.","parceria com a Universidade Metodista firmada em setembro; recepção de documentos prevista para novembro","confirmado por revisão editorial — texto integral da fonte oficial confirma parceria já firmada, mas a entrega de documentos ainda era futura; notícia de outras duas fontes corrobora o mesmo fato","não inferido automaticamente","notícia ou página","","","","","Consórcio ABC recebe documentação para concessão de bolsas de estudo na Universidade Metodista - Consórcio Intermunicipal - Grande ABC","Consórcio Intermunicipal - Grande ABC","https://news.google.com/rss/articles/CBMi3wFBVV95cUxPWS05bFdLdGJlaEtRS004OFRBaXdlWlc1ckI4YVNPQzBWbnZSRkZ1MTQ2NkluN3VqVXRfNEk1M1E3RzlKbWVkUDg5eUJLWjdIaWktRUxKOFFGaU1tbk5LWjhmM3JsdHhyeHZudEFjVEwwWjVnWTNJMFNha1NhSm1UMU5pM1NNWDRTSzVQX0JBdUtkSkRibnNDeV9zdl9sNVB1dzRZM0RuMTVlMTliNFJBS01HeVhZTm9wVkUyZHBrYWJoSHNYdGxVTzBEYW9nWmp4U2NOT09pVThZT0xDNXkw?oc=5","Entrega presencial será realizada de 9 a 13 de novembro, na sede da entidade regional, em Santo André Pessoas interessadas nas bolsas de graduação oferecidas por meio da parceria entre o Consórcio Intermunicipal Grande ABC e a Universidade Metodista devem apresentar a documentação exigida entre os dias 9 e 13 de novembro, na sede da entidade regional (Av. Ramiro Colleoni, 5, Centro, Santo André). O atendimento será realizado das 9h às 16h.Firmada em setembro, a parceria prevê até 1.000 bolsas de","11","rejected",""
"cd262ceb32d334adf65ab690caa175c2461fa5cbf3e294ba457e9dd85d9c87f5","2026-10-09T10:31:52.995Z","2026-10-10T09:50:01.552Z","2026-10-09T12:00:00-03:00","GOVERNANÇA","","","","candidato","elegivel","Data do coleta dentro da janela.","ato publicado — efeito a verificar","rejeitado pela revisão automática","não inferido automaticamente","ato oficial (tipo a verificar)","","","Salto","SP","Diário Oficial de Salto (SP)","Querido Diário","https://data.queridodiario.ok.org.br/3545209/2026-10-09/2ca009806fb981a554c2f1565d13da7eb1d924f0.pdf","DIÁRIO OFICIAL - MUNICÍPIO DE SALTO Sexta-feira, 09 de outubro de 2026 Ano IX | Edição nº 2335 | Página 2 de 15 Município de Salto - SP Diário Oficial assinado digitalmente conforme MP nº 2.200-2, de 2001, e Lei 14.063, de 2020, garantindo autenticidade, validade jurídica e integridade. Estância Turística de Salto, 07 de outubro de 2026 CONSÓRCIO INTERMUNICIPAL DO RIBEIRÃO PIRAÍ CNPJ: 07.078.236/0001-90 RETIFICAÇÃO DA CONVOCAÇÃO PARA 4ª ASSEMBLEIA GERAL EXTRAORDINÁRIA 2026 O Consórcio Intermunic","12","rejected",""
"ce0a9f48d8d44400401303109d0d8dd5950eac09bd714c169888fadea550c5fa","2026-10-06T01:46:50.944Z","2026-10-06T01:46:50.944Z","2026-10-05T15:00:00.000Z","ATUAÇÃO","","","","confirmado","elegivel","Data do coleta dentro da janela.","Resolução 003/2026 estabelece procedimentos do SIM","confirmado por revisão editorial — ato operacional de inspeção do consórcio Alto do Rio Paraguai; protocolo citado como fundamento, não alterado; Resolução 004 é de outra entidade","não inferido automaticamente","decisão ou resolução","","","","MT","RESOLUÇÃO 003-2026","Jornal Oficial AMM-MT","https://amm.diariomunicipal.org/publicacao/1919567/","RESOLUÇÃO Nº 003/2026 Dispõe sobre os procedimentos de inspeção e fiscalização industrial e sanitária de produtos de origem animal executados pelo Serviço de Inspeção Municipal vinculado ao Consórcio Intermunicipal de Desenvolvimento Econômico, Social, Ambiental e Turístico do Alto do Rio Paraguai e dá outras providências. O PRESIDENTE DO CONSÓRCIO INTERMUNICIPAL DE DESENVOLVIMENTO ECONÔMICO, SOCIAL, AMBIENTAL E TURÍSTICO DO ALTO DO RIO PARAGUAI, no uso das atribuições que lhe conferem o Contrat","14","",""
"d320cc255a2dbd8ceeee0586a15af0a5b78262674c2be85fd134099d01f0c8e0","2026-08-14T14:20:11.258Z","2026-08-14T14:20:11.258Z","","ADESÃO AUTORIZADA","","","","confirmado","enviado","Enviado ao WhatsApp anteriormente.","Lei 9.498/2026 autoriza atos para ingresso — efetivação não comprovada","confirmado por revisão editorial — lei municipal sancionada comprova a autorização, mas não um ingresso efetivado posteriormente","não inferido automaticamente","notícia ou página","","","Marília","SP","Diário Oficial de Marília (SP)","","https://data.queridodiario.ok.org.br/3529005/2026-08-12/dba969203baffd7a3df7b684d98e5a1159dbe4d6.pdf","","5","","2026-08-14T14:20:11.258Z"
"d4cb0fc1763d3bb3686caeeb1da4c0be201b071408c236e114602a932f5309b2","2026-09-15T01:26:50.377Z","2026-09-15T07:43:01.000Z","2026-09-08T13:08:00.000Z","CONTROLE","","","","confirmado","historico","Data do coleta (2026-09-08) anterior à janela de 168 horas.","TCE-MS mantém cautelarmente suspensa a Concorrência Eletrônica 01/2026 do CIDEMA","confirmado por revisão editorial — decisão liminar determina manutenção da suspensão até ulterior deliberação; não é decisão definitiva nem comprova o desfecho posterior do certame","não inferido automaticamente","notícia ou página","","","","","TCE-MS barra licitação de R$ 165,5 milhões do consórcio para Rio Miranda e Apa - midiamax.com.br","midiamax.com.br","https://news.google.com/rss/articles/CBMingFBVV95cUxQQTRTQUhGaWRBZkdkUW5lX2FWeUhHZEtzNzlDRHpOOU1xTUUyZHR5aFRmU2VUaXVONnlvaXVLQ0pBa1lVaWR0cmhPanVQbjhaVUstZzB0SzVSbHJPT1Z0NjN1Z0h3b2F0ZmFjUy1Ka3hOekVWMFhJbWFYSjE4elZRa1BIWjRKWlVOQThsWjBvX2s3UHNPSW9taHUtZmtNZw?oc=5","TCE-MS barra licitação de R$ 165,5 milhões do consórcio para Rio Miranda e Apa midiamax.com.br","5","",""
"d86bf9a8d91424c92d108fb68188d8cf05d3e821da4a6f1258cb1d4434b9b112","2026-10-07T23:36:08.461Z","2026-10-10T09:50:01.552Z","2026-10-06T09:47:15.000Z","GOVERNANÇA","","2026-08-12T00:00:00.000Z","","confirmado","historico","Data do fato (2026-08-12) anterior à janela de 168 horas.","Lei 5651/2026 ratifica alterações e consolidação do contrato e estatuto do CEMMIL","confirmado por revisão editorial — o art. 1º da lei sancionada confirma ratificação estatutária e declara São João da Boa Vista já integrante do CEMMIL; não comprova uma adesão nova em 2026","não inferido automaticamente","lei","","","","","Lei Ordinária nº 5.651, de 12 de agosto de 2026 - sapl.saojoaodaboavista.sp.leg.br","sapl.saojoaodaboavista.sp.leg.br","https://news.google.com/rss/articles/CBMia0FVX3lxTFBmTVNRMldyZklTYWFRUUZPRWdQSmVLaDBFejBfc0tucnZDeGpQT0dpMDdYcU9TU1dQZFFwb2pCdko0QXF6R3pWY2NSVVdVY2dHdjdaMU55NWZ5SElBZ1M4RmlTT0Z4Y096MDFJ?oc=5","Lei Ordinária nº 5.651, de 12 de agosto de 2026 sapl.saojoaodaboavista.sp.leg.br","5","",""
"db714da18e20bca9cab4eec1607d7cfe94c82c28b9972bc1844ad3636b1f2619","2026-08-22T12:59:51.530Z","2026-08-22T12:59:51.530Z","","GOVERNANÇA","","","","confirmado","enviado","Enviado ao WhatsApp anteriormente.","projeto de prorrogação no CISMETRO aprovado apenas em primeira discussão","confirmado por revisão editorial — a Câmara aprovou em primeira discussão o PL 200/2026 sobre participação de Valinhos; não consta aprovação final nem lei de prorrogação","não inferido automaticamente","notícia ou página","","","Valinhos","SP","Diário Oficial de Valinhos (SP)","","https://data.queridodiario.ok.org.br/3556206/2026-08-21/0a883088c583fba5f1342d0d1995629372de16a3.pdf","","5","","2026-08-22T12:59:51.530Z"
"dca8e3a45e454def5e0b66f393bd07e23ff44fee78c3a6fbe4d6c33b422bf56e","2026-10-08T16:28:18.840Z","2026-10-09T02:56:48.364Z","2026-10-08T15:00:00.000Z","ATUAÇÃO","","","","confirmado","elegivel","Data do coleta dentro da janela.","instrução de trabalho 010/2026 sobre inspeção de produtos de origem animal publicada em 08/10/2026","confirmado por revisão editorial — publicação do consórcio descreve programa de prevenção de fraudes em produtos fiscalizados pelo SIM; não acusa o consórcio de fraude, e os campos de emissão/aprovação estão em branco","não inferido automaticamente","ato oficial (tipo a verificar)","","","","MT","IT - INSTRUÇÃO DE TRABALHO Nº 010/2026 PROGRAMA DE PREVENÇÃO E COMBATE À FRAUDE.","Jornal Oficial AMM-MT","https://amm.diariomunicipal.org/publicacao/1921820/","IT - INSTRUÇÃO DE TRABALHO Nº 010/2026 PROGRAMA DE PREVENÇÃO E COMBATE À FRAUDE. Versão: 1.0 Data de emissão: Data da aprovação: Próxima Revisão: 1. OBJETIVOS: Estabelecer os procedimentos para prevenção, identificação, investigação, fiscalização e combate às fraudes em produtos de origem animal registrados no Serviço de Inspeção Municipal do Consórcio Intermunicipal de Desenvolvimento Econômico, Social e Ambiental do Araguaia, assegurando a autenticidade, identidade, qualidade, composição, peso","11","",""
"dcec74f99198b643bcd72b43a774237e955976b14c92b495d2d03672d0766a06","2026-09-21T04:57:53.608Z","2026-09-25T14:36:44.553Z","2026-09-18T15:06:00.000Z","GOVERNANÇA","","","","confirmado","historico","Data do coleta (2026-09-18) anterior à janela de 168 horas.","assembleia reelegeu presidência do CISMIV para 2027–2028","confirmado por revisão editorial — eleição realizada, não mera previsão de calendário","não inferido automaticamente","notícia ou página","","","","","José Ivanir é reconduzido à presidência do CISMIV para o biênio 2027/2028 - primeiroasaber.com.br","primeiroasaber.com.br","https://news.google.com/rss/articles/CBMitgFBVV95cUxORGJ6Y0s5ekJkNk9TWkhINnZzc3NhTGJCbzNnVVBsWnFvd0dUaVEwTHVkMUR4QmZKUHVGMlViRkNVYVczcEJyaHF3OUVHNFFZTkY1VkdXa2FqTUdheWlzUzZXS3NuQkR5RVFNamZlc2VzaVdQazFVbUxLRFg5QW9PYnVFVjlIRVM3Nk1yQ0xJdzZaLWNjTVV3QlhjblUtMTJLaGlyVmhPUTlUcHRlRUVGc3RqNEczUQ?oc=5","Início » José Ivanir é reconduzido à presidência do CISMIV para o biênio 2027/2028 Prefeito de Canaã foi escolhido por unanimidade durante Assembleia Geral do Consórcio Intermunicipal de Saúde da Microrregião de Viçosa O prefeito de Canaã, José Ivanir, foi reconduzido à presidência do Consórcio Intermunicipal de Saúde da Microrregião de Viçosa (CISMIV) para o biênio 2027/2028. A escolha ocorreu durante Assembleia Geral do Consórcio, com a participação de representantes dos municípios consorciado","5","",""
"e5771a63441467b0edb47b5733ac86e31e2256eb3c7640045cf508b166cc55f1","2026-08-24T14:01:47.570Z","2026-08-24T14:01:47.570Z","","ATUAÇÃO","","","","confirmado","enviado","Enviado ao WhatsApp anteriormente.","contrato de exames e consultas anunciado como assinado","confirmado por revisão editorial — reportagem identifica assinatura de contrato de serviços de saúde pelo presidente do COIS; não o confundir com contrato de rateio nem com pagamento realizado","não inferido automaticamente","notícia ou página","","","","","Consórcio Intermunicipal de Saúde assina contrato para centenas de exames e consultas especializadas na microrregião de São Luiz Gonzaga - Rádio Missioneira","","https://news.google.com/rss/articles/CBMi_wFBVV95cUxQSmhsaG9BOHRGSDhIMWhad0I0Wm9qYkI1d1Y0WXBTNEV4MHc0NzhpWGoxMzRibnQ0M216XzJuTWtiNzV4UWZpMEFoM28tVW1UTUxjR1pXTjR5dmhHUmNUYjA3LU5lbENRRHhsUkRxZnA5Q2g4VzdOaEdPeG01czNfYVFVTkJuX3l4MUJfbjhpZmtITElWeGpBNUl5LVdBTUROcW5CS3F4VVVwbm9aQmtIamo2UGxfV1hLVHRjMlE2Y3pIQzV3QmFPdVdZQk9hdW5kdmxPZkFzdDk1S1psUHdYYWtZQ1dQMlNVYmN3NVByT1JuUDVwSDVNNWRieWc4Nlk?oc=5","O Consórcio Intermunicipal de Saúde da Microrregião de São Luiz Gonzaga (Cois) firmou um contrato de R$ 5 milhões para ampliar a oferta de exames e consultas de média e alta complexidade à população dos 12 municípios integrantes da entidade. O acordo prevê investimento de cerca de R$ 1 milhão por ano, durante cinco anos. A assinatura foi realizada pelo prefeito de Dezesseis de Novembro, Johnni Bocacio, que preside o Cois. O contrato prevê a disponibilização mensal de uma série de procedimentos e","5","","2026-08-24T14:01:47.570Z"
"e609d4dfb8ef105beeac7af5a22dcd4c7ce8765c37bc64b5390597b3b3f4624d","2026-10-01T14:27:46.883Z","2026-10-07T23:36:08.461Z","2026-09-30T12:00:00-03:00","FINANÇAS","","","","confirmado","historico","Data do coleta (2026-09-30) anterior à janela de 168 horas.","contrato administrativo 102/2026 assinado em 16/09/2026; repasse previsto até 31/12/2026","confirmado por revisão editorial — página 27 identifica Mamborê, CIS COMCAM, objeto, valor e assinatura; é contrato de repasse, não adesão institucional nem prova de pagamento realizado","não inferido automaticamente","ato oficial (tipo a verificar)","","","Mamborê","PR","Diário Oficial de Mamborê (PR)","Querido Diário","https://data.queridodiario.ok.org.br/4114005/2026-09-30/60040400ded84eda33c6162db92bd6889a9c4f61.pdf","Licitação N.º 71/2026 Contratante: MUNICIPIO DE MAMBORE, Pessoa Jurídica de Direito Público Interno, com inscrição no CNPJ sob n° 75.368.928/0001-22 com sede administrativa na Rua Guadalajara - 645, neste ato representado por seu Prefeito Municipal, o Sr. SEBASTIAO ANTONIO MARTINEZ. Contratado: CONSORCIO INTERMUNICIPAL DE SAUDE DA COM DOS MUNIC DA REGIAO DE CAMPO MOURAO - CIS COMCAM, inscrito(a) no CPF/CNPJ sob n. 95.640.322/0001-01, com sede/domicílio na(o) Rua MAMBORE, 1542, CENTRO no Municípi","10","rejected",""
"e6bfcce2b459478d12da2c1529f85d3e6b7b30d01ad4c37467e4f86b625de517","2026-08-22T18:47:54.594Z","2026-08-22T18:47:54.594Z","","CONTROLE","","","","confirmado","enviado","Enviado ao WhatsApp anteriormente.","TCEMG suspendeu preventivamente credenciamento do Cisrec em 19/08/2026","confirmado por revisão editorial — notícia original do TCE-MG documenta suspensão cautelar do credenciamento de obras e serviços do Cisrec; valor é estimativa de contratações planejadas, sem julgamento definitivo","não inferido automaticamente","notícia ou página","","","","","Modelo de contratação de consórcio intermunicipal é questionado pelo TCEMG, que suspende serviços de mais de meio bilhão de reais - Tribunal de Contas do Estado de Minas Gerais - Tribunal de Contas do Estado de Minas Gerais","","https://news.google.com/rss/articles/CBMiigJBVV95cUxNUXJMWmdfQjltLXRSaTFxOFc1d0MzaTE0WHZCSExDRFhLT09GYzhVWk5vRUZOMHVWNmt5eng1Y0dIbUtfX01vaGlhZjc5aGd1ZnlaLU1PMXVxVi13WUZGbFcwLUJoNXVnOTA0SzNpZ25ON1hCbG12Y01pc2gwaThUYTBYcW12MGlNYUdGWlVHdGZVMi1CWWRrXzVQQ0lKMDFLMkprM2oyNjdpSEFiU0RFYWctQ1RTcjFaY0QzX3pjblZjaTdCdmEtX0RuSW9GMXBUeXZuWlF4VVBoWmt0dW55MmZEUk15R2s4V3hQQ2RGUkRJYm9TMnUxZGxNYnBOUFUyQjZpeE9nak84dw?oc=5","Consórcio que previa contratação de mais de meio bilhão de reais é questionado 20/08/2026 O Tribunal de Contas do Estado de Minas Gerais (TCEMG) suspendeu um credenciamento para a contratação de obras e serviços de engenharia pelo Consórcio Intermunicipal de Saúde e de Políticas de Desenvolvimento da Região do Calcário (Cisrec). O modelo de contratação via credenciamento, autorizado pela Lei nº 14.133/2021, seria utilizado para futuras contratações de serviços de pavimentação asfáltica, terrapla","5","","2026-08-22T18:47:54.594Z"
"eaa0de7c1adedd5a789788dbf1741fac53dd8c26808c19af390e55a8969ed71f","2026-09-14T19:58:39.657Z","2026-10-10T09:50:01.552Z","2026-10-07T16:32:38.000Z","GOVERNANÇA","","2026-04-27T12:00:00Z","","confirmado","historico","a assembleia que aprovou a consolidação ocorreu em abril e a notícia sobre a ratificação proposta é de setembro; o Google a reapresentou como se fosse nova em outubro","consolidação do protocolo aprovada em assembleia; projeto de ratificação municipal em análise","confirmado por revisão editorial — matéria relata aprovação de alterações pelo COIN-GM em assembleia e projeto de lei para ratificá-las; não é criação nova nem comprova que a ratificação municipal já ocorreu","não inferido automaticamente","notícia ou página","","","","","Consórcio da Guarda Municipal de Curitiba pode atuar no Litoral do Paraná; entenda a proposta - Bem Paraná","Bem Paraná","https://news.google.com/rss/articles/CBMi1AFBVV95cUxPUjJFQ2ZiVWJkb1dHVG4td2pJS2JrZHRYc1ZVd1AtSXI5dXhDdDVHLS1hczMyUlF4YldYRzdkUGxLVGc5Y082ck5KM3VxbXRLMEIxdXRVSEpvLWd6TExkQm9wRE1va0lEbGh4ZElwWUV0YmQzMEtoMHdNblVIX0ZwbTRDVVU5UFY3amZ2NlZmdGkyc3p0SGcyOTRWdk0ySjQ4UmVyZjBMUTFuRE9fTVpXWEJ6MU1OcTRDS1BYdko2TmFsZG9KeDZNek16b2FTRHVESFZEStIB2gFBVV95cUxPR3V6cUF2dlFPSjZFZVJ3ZHN4WXFuUk9GRHctemZhWHpISmFLWG5ZckE5eGxnYmE0LWJZT2JCSGpKU0IwS21iY1E1cUpVUWFZSHhOYjlhMkdwZ01HQ3FOSGlLb0ROOTdoOUZBSFYtVU9meEgwWlFSQ0ItSWM2QnY0N0JZd19KTXRTSUNfMkw5YUM5bHBoSWpta19pOU9WRmtueTFnSjh3NzhzQTdpMHNOX0I1NVVadmh2TkVEcEhCYnRkcGtHUFY5YVNJSDJEcU5JT182SklCMk5aUQ?oc=5","(Foto: Carlos Costa/CMC)Um projeto de lei pretende ratificar a nova versão do documento que regulamenta o Consórcio Intermunicipal das Guardas Municipais (COIN-GM), incorporando Pontal do Paraná, Guaratuba, Matinhos e Campo Magro à relação de municípios consorciados. A mudança também amplia formalmente a abrangência territorial da entidade para o Litoral.De iniciativa da Prefeitura, a proposta não cria o consórcio nem autoriza pela primeira vez a participação de Curitiba. O Município integra o C","30","",""
"eabab4e2933675bd1a999b2b4bdd7f689d73b338d625e0ec6cd294277b760da3","2026-08-21T15:47:28.351Z","2026-08-21T15:47:28.351Z","","CONTROLE","","","","confirmado","enviado","Enviado ao WhatsApp anteriormente.","TCEMG determinou suspensão preventiva da licitação em agosto de 2026","confirmado por revisão editorial — notícia original do tribunal identifica decisão cautelar sobre licitação do Cimcentral; não é dissolução nem decisão final de mérito","não inferido automaticamente","notícia ou página","","","","","TCE suspende licitação de R$ 67,4 milhões para compra de playgrounds e equipamentos infantis","","https://www.tce.mg.gov.br/TCE-suspende-licitacao-de-R-67-4-milhoes-para-compra-de-playgrounds-e-equipamentos-infantis.html/Noticia/1111629096","TCE suspende licitação de R$ 67,4 milhões para compra de playgrounds e equipamentos infantis 18/08/2026 O Tribunal de Contas do Estado de Minas Gerais (TCEMG) determinou a suspensão de uma licitação do Consórcio Intermunicipal Multifinalitário da Região Central de Minas Gerais (Cimcentral) para a compra de playgrounds, brinquedos infantis, mobiliário e equipamentos para pets. O valor estimado da contratação era de R$ 67,4 milhões. A decisão foi tomada pelo conselheiro em exercício Adonias Montei","5","","2026-08-21T15:47:28.351Z"
"ec8a2c3463cd16bb979f15e2596a7c27f9a3903e76d5dc1ff831e58f04e85e7f","2026-10-03T06:31:58.228Z","2026-10-05T02:00:32.771Z","2026-10-02T15:00:00.000Z","GOVERNANÇA","","2026-10-02T00:00:00.000Z","","confirmado","historico","Data do fato (2026-10-02) anterior à janela de 168 horas.","Araguainha ratifica estatuto consolidado e alteração contratual do CIDESAPA","confirmado por revisão editorial — lei municipal ratifica texto estatutário de consórcio já existente; não é protocolo novo nem ingresso novo; ato de Araguainha é distinto da ratificação de Torixoréu","não inferido automaticamente","lei","","","","MT","LEI MUNICIPAL Nº 1193/2026, DE 02 DE OUTUBRO DE 2026","Jornal Oficial AMM-MT","https://amm.diariomunicipal.org/publicacao/1919144/","LEI MUNICIPAL Nº 1193/2026, DE 02 DE OUTUBRO DE 2026 Ratifica o Estatuto Consolidado do Consórcio Intermunicipal de Desenvolvimento Econômico, Social e Ambiental do Portal do Araguaia – CIDESAPA e, naquilo em que suas disposições alcançam matéria reservada ao Contrato de Consórcio Público, ratifica a correspondente alteração contratual e dá outras providências. O PREFEITO DO MUNICÍPIO DE ARAGUAINHA, Estado de Mato Grosso, no uso de suas atribuições legais, faz saber que a Câmara Municipal aprovo","13","approved",""
"f1abc124cc6394bfed99f55a74cdabdf89043f4db2fe776de529c4339c2e1e0d","2026-08-15T12:57:59.953Z","2026-08-15T12:57:59.953Z","","PROTOCOLO","","","","confirmado","enviado","Enviado ao WhatsApp anteriormente.","São Mateus do Sul subscreveu protocolo de intenções do CONCLIMA","confirmado por revisão editorial — extrato documenta assinatura do protocolo, primeira etapa para participação; ratificação por lei e ingresso efetivo não demonstrados","não inferido automaticamente","notícia ou página","","","São Mateus do Sul","PR","Diário Oficial de São Mateus do Sul (PR)","","https://data.queridodiario.ok.org.br/4125605/2026-08-14/b2a60b96a57c84ad430c736c91150705971f200f.pdf","","5","","2026-08-15T12:57:59.953Z"
"f49a31c423a017bf07b13941cedaeb0469e4466d61217c1913411f237132d1ff","2026-08-14T12:27:20.074Z","2026-08-14T12:27:20.074Z","","SAÍDA AUTORIZADA","","","","confirmado","enviado","Enviado ao WhatsApp anteriormente.","Lei 4497/2026 autoriza saída de Campo Belo do CISMARG","confirmado por revisão editorial — lei autoriza retirada e prevê notificação e distrato; obrigações permanecem até desligamento formal, não comprovado pelo texto","não inferido automaticamente","notícia ou página","","","Campo Belo","MG","Diário Oficial de Campo Belo (MG)","","https://data.queridodiario.ok.org.br/3111200/2026-08-11/377f2ff156b4ea0c7f3f70d2b2bfcf12f325bd6e.pdf","","5","","2026-08-14T12:27:20.074Z"
"f537671c07f0f135b0181bb666bc559ae37d4120f03106d5472ec6ef996df6dc","2026-08-14T13:15:28.946Z","2026-08-14T13:15:28.946Z","","ADESÃO AUTORIZADA","","","","confirmado","enviado","Enviado ao WhatsApp anteriormente.","Lei 4415/2026 ratifica protocolo do CONCLIMA subscrito por Itápolis","confirmado por revisão editorial — ratificação legislativa da intenção de participar é etapa de adesão, não comprovação isolada de participação efetivada","não inferido automaticamente","notícia ou página","","","Itápolis","SP","Diário Oficial de Itápolis (SP)","","https://data.queridodiario.ok.org.br/3522703/2026-08-12/231dfa976c68024d08539e81d5efda17f46e4cb1.pdf","","5","","2026-08-14T13:15:28.946Z"
"fa9be6fef8cdf7f1b7eecc26721f3a21eaa750643aa20d2d2bbaf40f0d3101a4","2026-10-08T16:28:18.840Z","2026-10-09T02:56:48.364Z","2026-10-08T15:00:00.000Z","RATEIO","","","","confirmado","elegivel","Data do coleta dentro da janela.","aditivo ao contrato de rateio 006/2026 publicado","confirmado por revisão editorial — edital oficial identifica consórcio, município, objeto, aporte extra e nova vigência; não é mera rubrica orçamentária","não inferido automaticamente","decisão ou resolução","","","","MT","EDITAL DE PUBLICAÇÃO N°160/2026, DE 07 DE OUTUBRO DE 2026","Jornal Oficial AMM-MT","https://amm.diariomunicipal.org/publicacao/1921937/","EDITAL DE PUBLICAÇÃO Nº 160/2026 O Consórcio Intermunicipal de Saúde da Região do Garças/Araguaia, através da Secretária Executiva a Sra. Virginia Patrícia Santos Rocha de Oliveira, nomeada pela Resolução Nº 011/2018, em cumprimento aos princípios Constitucionais da Publicidade e Ampla Divulgação, ao texto legal do artigo 5º, inciso XXXIII, da Constituição Federal, e demais legislações pertinentes à espécie. Torna público para conhecimento dos interessados o seguinte ato: PROCEDIMENTO ADMINISTRA","12","",""
"fa9d9150d3ca0a6c50dbf7723aa560846ea2c7dddfd48e2aa3fd9c6ea901d023","2026-10-09T17:28:05.540Z","2026-10-10T09:50:01.552Z","2026-10-09T15:00:00.000Z","RATEIO","","","","candidato","elegivel","Data do coleta dentro da janela.","contrato de rateio citado; celebração a conferir","candidato — requer revisão","não inferido automaticamente","contrato de rateio","","","","MT","LEI Nº 1244 /2026 - DISPÕE SOBRE REPASSE DE RECURSOS AO CONSÓRCIO INTERMUNICIPAL DE DESENVOLVIMENTO ECONÔMICO, SOCIAL E AMBIENTAL – NORTE ARAGUAIA – CIDESA-NA","Jornal Oficial AMM-MT","https://amm.diariomunicipal.org/publicacao/1923116/","rcio Intermunicipal Rodoviário Elemento Despesa 3.3.71 Transferência a Consórcios Públicos mediante Contrato de Rateio Fonte de Recursos 1.500 Recursos Não Vinculados de Impostos Detalhamento 0000000 Sem código de acompanhamento Valor R$ 150.000,00 Cento e cinquenta Mil Reais Art. 4º - Fica o Poder Executivo autorizado a firmar compromissos e participar de forma consorciada a","18","",""
"fb3492e1d1e8371a564a556207a4d273a3da35f49dfd9b93740d1ebcb798d24f","2026-09-14T19:58:39.657Z","2026-09-20T06:14:01.170Z","2026-09-13T09:55:08.000Z","GOVERNANÇA","","","","confirmado","historico","Data do coleta (2026-09-13) anterior à janela de 168 horas.","Lei 1.419/2026 de Passo de Torres ratificou alterações do contrato do CISAMREC","confirmado por revisão editorial — o texto do PL 11/2026 foi recuperado da Câmara e a ratificação posterior foi confirmada pela Lei 1.419/2026 publicada no DOM-SC; não se trata de nova adesão","não inferido automaticamente","projeto de lei","","","","","Projeto de Lei nº 11/2026 - passodetorres.sc.leg.br","passodetorres.sc.leg.br","https://news.google.com/rss/articles/CBMiZ0FVX3lxTFBJdTNEbUd6T3p6TUw2MXJPTVlOd0k4UEVDR3otM3l2MGYzZlgzMU1mVElJQ1p1bnpyVkVBVTdHME43dHRzQkVjX3ZlT1hrejRrYUJnRHlvX2hLcldSWGlhSXA0NW1zVTg?oc=5","so de Torres, 18 de maio de 2026. Valmir Augusto Rodrigues Prefeito MunicipalJUSTIFICATIVA Senhor Presidente, Senhores Vereadores, Submeto à elevada apreciação dessa Casa Legislativa o presente Projeto de Lei, que tem por finalidade a ratificação e consolidação das alterações realizadas no Contrato de Consórcio Público do CONSÓRCIO PÚBLICO INTERFEDERATIVO DE SAÚDE DA AMREC - CISAMREC, deliberadas pelos entes consorciados, na A.G.O. do CISAMREC no dia 30/10/2025, conforme ATA publicada no DOM-SC ","5","",""
"fc422e98b3f8c8062884cfd86e4d1fa5ab5a11a2b233423e9c63ea76ba93b75a","2026-08-22T12:59:45.305Z","2026-08-22T12:59:45.305Z","","ADESÃO AUTORIZADA","","","","confirmado","enviado","Enviado ao WhatsApp anteriormente.","Lei 396/2026 autoriza adesão de Novo Lino ao CONAGRESTE","confirmado por revisão editorial — lei municipal ratifica protocolo e autoriza o município a aderir; providências para efetivar a participação ainda são futuras","não inferido automaticamente","notícia ou página","","","Novo Lino","AL","Diário Oficial de Novo Lino (AL)","","https://data.queridodiario.ok.org.br/2700000/2026-08-21/50a9d2c1d6ddb83345fee1250d39f7adae62aef8.pdf","","5","","2026-08-22T12:59:45.305Z"
