documento_id,motivo,tipo_evento,titulo,url
"03c14c076aa2d9d1e7b416e79be5f4ca8b06e997c0711da9335cf97632829871","sem trecho preservado","PROTOCOLO","Diário Oficial de Apucarana (PR)","https://data.queridodiario.ok.org.br/4101408/2026-08-19/1bace690c30e45de765dcb7139be71c54905ebd5.pdf"
"08f16125d33dd7d25f740cb1fb7252dc55dc501890eda8f0bf9ac42c80b45481","sem trecho preservado","GOVERNANÇA","Diário Oficial de Piranhas (AL)","https://data.queridodiario.ok.org.br/2700000/2026-08-17/c89f965281b4c4ea52f832e30b6f81a86f1f886b.pdf"
"229de91ab9519c707a656f72a176b19a6f71c912b7b36c6f2a77d6c17a851779","nome completo e sigla não confirmados no trecho","ATUAÇÃO","Consórcio Intermunicipal cria agenda setorial com Brasília para atrair investimentos - Diário do Grande ABC","https://news.google.com/rss/articles/CBMiwwFBVV95cUxNNDhmZzVUc3JGbnU4R0lDcXlmeUt3S0pDZXdhaXBHLW1kNWQzLXBRVmZuVmNkaTFGeWc0Sk5iSjZ4NlM5WmFZay1uQkU3SmZPYzlzT3FLbFlmUlVselZheTM5QzFNS0NzaENaMUJtQy16TFZkR1ptbnRiTlpUdEMxTFAzc21Qd3Nxc01sQUd6TnRWUENUcS1XMVVrbll2TWZCMGJCc2FTZ3B1aUYyWWx2aGJySm9MXzd1ZmJuWHBCQXlETDQ?oc=5"
"23004993f9b664181c2d953839c227f04d409110fee5f0badf5b5ce4bc9dabbc","nome completo e sigla não confirmados no trecho","RATEIO","Diário Oficial de Camaquã (RS)","https://data.queridodiario.ok.org.br/4303509/2026-09-15/3dcdd557ff0a0332b16b0fecb0f8c70adaef0bdd.pdf"
"24452dc6bcb1dc02d47ddfe545bd56f014cfe96a5b248fdd50cc4fe68dafe61a","sem trecho preservado","RATEIO","Diário Oficial de Caetité (BA)","https://data.queridodiario.ok.org.br/2905206/2026-08-13/bb4b7ee02c912a0d0041a921c4a250120f4ad657.pdf"
"2d442447637051a9258437edf60927183ddd7d69710d0ed402c700ef0fb57032","sem trecho preservado","RATEIO","Diário Oficial de Jaboti (PR)","https://data.queridodiario.ok.org.br/4111704/2026-08-11/fe1f95fe693c21a8a05f79f6b844bd9fc1b9469d.pdf"
"3544e0dda30ba959901b5569331d5d2d169a416f323f82b4b98447e7d58d109a","sem trecho preservado","PROTOCOLO","Diário Oficial de Maracaju (MS)","https://data.queridodiario.ok.org.br/5005400/2026-08-20/43b7b49d21db41fa745cee226fb13dcc585c8689.pdf"
"3b3368b3fd178566961ea830b393ed9c0c7326c30b3a8ff85845aa57e4cafdce","nome completo e sigla não confirmados no trecho","CRISE","Inadimplência deixa oito municípios de MT sem incentivo estadual para consórcios de Saúde - atualmt.com.br","https://news.google.com/rss/articles/CBMiwgFBVV95cUxQMEpwU1NwakU2VHV5R09aLUM0WUZ6UzQ2U0F4ZFpFV21WazNCTkN1X2ZVY1B3WmRsYVJxenZIdDhmU295Qk5oRWY3dnNBTFkxZ1dwZjlVblh0OUNUdGMzZU5TZ09ydURfTnVubk45UmhzendPZ0RsVGp1WEU0TVVTbkpPQWQ4SDNOOU9hUjQ2QmtuYlpCUDBaazRFV1RacjNtcHNTV0IwQndzNk4xaFVDTjNRRmdsZ1cwaElJdzE5U1hDdw?oc=5"
"4619c71b3d6822327a2f8840795c3c351f7f4b4d2445892a43c3c8a96cec1e92","sem trecho preservado","ADESÃO","Diário Oficial de Frei Paulo (SE)","https://data.queridodiario.ok.org.br/2802304/2026-08-10/d7a6cf7f94bab80e57dcfe889bc3d89132eddc89.pdf"
"4683ea597d44b5f91ca3cc297693e6bafafbd88995f63b5cec884ab6f62853e6","sem trecho preservado","RATEIO","Diário Oficial de Jaboticabal (SP)","https://data.queridodiario.ok.org.br/3524303/2026-08-25/f64bca2de41b6733864e46514f44ee34d35a1e99.pdf"
"48edbb51ed2d6249228743d61009b54b46e20946618dcf017dca3f735c0d2154","sem trecho preservado","PROTOCOLO","Diário Oficial de Niterói (RJ)","https://data.queridodiario.ok.org.br/3303302/2026-08-13/a520a72280e148dd9738989e9e8c82967bbeebbb.pdf"
"533ae42b46d587253e4d8aa176192d8f1ad216414e1578c051b49ccc8b66f4da","sem trecho preservado","RATEIO","Diário Oficial de Jaguaquara (BA)","https://data.queridodiario.ok.org.br/2917607/2026-08-13/f51eca8f35c9c487acf900c008f8029053f8452f.pdf"
"53808c8918ad50fdbd3977aafb0ba4e893d0f3af32f33f709c4d7f2f3b1be0b4","sem trecho preservado","RATEIO","Diário Oficial de Presidente Epitácio (SP)","https://data.queridodiario.ok.org.br/3541307/2026-08-14/7227ab5ec7d6b342418ed995127e0889de671379.pdf"
"55e702b50fb5f67fb1d7b3cd744fa2f3e3b77028ef8e9e3856c237c5359509aa","nome completo e sigla não confirmados no trecho","ADESÃO","Diário Oficial de Valinhos (SP)","https://data.queridodiario.ok.org.br/3556206/2026-09-29/90c5c576997adb1e4eb3696885e8be88ae79adf6.pdf"
"57cca48292371b9adce1e42df9bdf9639579f579e3d512dc07e238750d117d63","sem trecho preservado","PROTOCOLO","Diário Oficial de Ourinhos (SP)","https://data.queridodiario.ok.org.br/3534708/2026-08-19/f9a89b76255b2d321adfe1a62402529124802a92.pdf"
"5fdbeb6fdb8e4252457c245254a303b5cbe488dd82aef8f40816f8b602614300","sem trecho preservado","ADESÃO","Diário Oficial de Sumidouro (RJ)","https://data.queridodiario.ok.org.br/3305703/2026-08-18/af03505a144a2987c649bdc119cd4477524f2adf.pdf"
"642196c577ec8909d3bbe2cfb5fd0c5f95f44ea5a10e8941762b8b434f335e34","sem trecho preservado","RATEIO","Diário Oficial de Brejo Alegre (SP)","https://data.queridodiario.ok.org.br/3507753/2026-08-20/682cf24f705947432962cf3afd97da3b489c68b7.pdf"
"6f7351999997a4875a1daf9b690705dc83f85c1ffc5dc60a5f7dcf9f3f154725","sem trecho preservado","SAÍDA","Diário Oficial de Várzea da Palma (MG)","https://data.queridodiario.ok.org.br/3170800/2026-08-13/48dd9968b18dc20879a4072bb911f0a330bf8b3b.pdf"
"6fd4cb91a33282571a2808013d0a20a5d4438637e2ca1a70c0c3cbaf13748250","sem trecho preservado","CRISE","Diário Oficial de Andradina (SP)","https://data.queridodiario.ok.org.br/3502101/2026-08-24/f2865d249c1c63ff71d828f54b1b4204e905c6c1.pdf"
"74d5e62597f409a2213b7ac0e0d4a68b026ab073ce44e15ebca30456750d131c","sem trecho preservado","PROTOCOLO","Diário Oficial de Araçariguama (SP)","https://data.queridodiario.ok.org.br/3502754/2026-08-13/e5ca2cb999eb5a54a8838e6f54aaa9e771bab21d.pdf"
"794018bca4350eadd8e6ac0f71f85240505d16be7f7828103654d9ede5e03cd9","nome completo e sigla não confirmados no trecho","CONTROLE","Diário Oficial de Votuporanga (SP)","https://data.queridodiario.ok.org.br/3557105/2026-09-17/5311f7229ce889098f28c69005a640e653aab421.pdf"
"81946dff90e2eb7b0da913da7f743650c31d78794c0bc6f8be44b7cb469bca38","sem trecho preservado","ADESÃO","Diário Oficial de Campo Mourão (PR)","https://data.queridodiario.ok.org.br/4104303/2026-08-18/e422c03022c88f51982948e8688349d4f7107d80.pdf"
"b0d130edc82ecfa5559517c6c37193617422e82e499372aa95ce03a945e54e03","nome completo e sigla não confirmados no trecho","RATEIO","Diário Oficial de Vera Cruz (RS)","https://data.queridodiario.ok.org.br/4322707/2026-09-29/2e188c623ccb4acb2fc64053d8d4afe0405a58ff.pdf"
"b1b99550b696ba6016e447b55436cbb53ec48ce0df1ba56e33856a65e45aa579","sem trecho preservado","GOVERNANÇA","Diário Oficial de Maravilha (AL)","https://data.queridodiario.ok.org.br/2700000/2026-08-19/a903c936a2880563cc4398bea50611edd05a3626.pdf"
"b4e307c829e9da01d07e4af2c01aed82370a9d2223967661154467ff5b813fa1","nome completo e sigla não confirmados no trecho","CRISE","Inadimplência deixa oito municípios de MT sem incentivo estadual para consórcios de Saúde - issoenoticia.com.br","https://news.google.com/rss/articles/CBMi3gFBVV95cUxQWGFNS2d0NlNlcE13VU9PTnBTamRGejNJT2h3MVM1MVpkbHppN1NZcmNJQV9RSUJFdFVaN0JsVE1WTFAwRE1RZGQ0X3FXZGRWcDhHQ0FWTFFpOTgzeTVLLUhvNjg2ckZKa190eGhFZDhULUdxNmZGNTJhek1CenAxWGJjS2FuRkhZd3lkOW9IanFEaHFzWTJvNF8yWE5qaE5TbGtqUm9aZUcyeWFDSXEzYXE1MFpPMnpuMlpSQVRaRWhmeXF6MVdLOWl6b2RFak91Wm9DX0RGeG1MOVR1UHc?oc=5"
"b5c9474ba9deadd4d8e39c1175ecd59fb2aa01208413243a4053ec50bf7f07dc","nome completo e sigla não confirmados no trecho","CONTROLE","Diário Oficial de Candeias (MG)","https://data.queridodiario.ok.org.br/3112000/2026-09-23/624aee5fa659e515fde0d6758da5027fef232369.pdf"
"beff50203a891f9f711109b87b06ddb3d75bae39dffda4ebe2521b6b90261af1","nome completo e sigla não confirmados no trecho","RATEIO","Diário Oficial de Votuporanga (SP)","https://data.queridodiario.ok.org.br/3557105/2026-09-18/4e3ace208046e008ef151a25466dafd0e361e3cc.pdf"
"c8c2b0d05db9b58f50c14209a75a6ac7563f3154f738aeefb6ee0481e495b100","sem trecho preservado","RATEIO","Diário Oficial de Senhor do Bonfim (BA)","https://data.queridodiario.ok.org.br/2930105/2026-08-20/c6adeab4845a762e7e7b308d0f73511ae1a9ab78.pdf"
"d320cc255a2dbd8ceeee0586a15af0a5b78262674c2be85fd134099d01f0c8e0","sem trecho preservado","ADESÃO","Diário Oficial de Marília (SP)","https://data.queridodiario.ok.org.br/3529005/2026-08-12/dba969203baffd7a3df7b684d98e5a1159dbe4d6.pdf"
"e8be312fc60488763386aa6ea517b2688a85a4497543cc4495c6fc3df8a60270","sem trecho preservado","RATEIO","Diário Oficial de Itaúna (MG)","https://data.queridodiario.ok.org.br/3133808/2026-08-26/714abdc3cf7756ef5fc996184d0fc4eecaee63cb.pdf"
