documento_id,consorcio_id,situacao,nome_mencionado,sigla_mencionada,cnpj_mencionado,origem,evidencia,url,url_evidencia
"07e2205b60e6d3c825d91aedf82f7158f81070059f1edf60c73326b3095906f7","cons_82aba2f5cbb9e952","menção automática — identidade não conferida","Consórcio Intermunicipal de Saúde do Médio Paranapanema","Cismepar","","trecho","Contrato de Rateio com o Consórcio Intermunicipal de Saúde do Médio Paranapanema - Cismepar, com a finalidade de ratear despesas administrativas referentes ao exercício do ano d","https://data.queridodiario.ok.org.br/4120507/2026-09-24/99b95ee42c3ecb4d57d91e45cf6ad0a8111adc61.pdf","https://data.queridodiario.ok.org.br/4120507/2026-09-24/99b95ee42c3ecb4d57d91e45cf6ad0a8111adc61.pdf"
"2b66567395e86149620ca270b4ad21a1758de4d1d89a6517e6e51f32c1330a85","cons_77ad09607a6519d9","menção automática — identidade não conferida","CONSÓRCIO PÚBLICO INTERMUNICIPAL DE SAÚDE DA REGIÃO DE CATANDUVA","CONSIRC","","trecho",". CONTRATANTE: CONSIRC – CONSÓRCIO PÚBLICO INTERMUNICIPAL DE SAÚDE DA REGIÃO DE CATANDUVA. CONTRATADO: PATRÍCIA DE SOUZA PERES, inscrita no CPF sob o Nº. 231.***.***-01. OBJETO: PRESTAÇ","https://data.queridodiario.ok.org.br/3511102/2026-09-23/2dc55186541861c18a04c032d0ff39322626ab03.pdf","https://data.queridodiario.ok.org.br/3511102/2026-09-23/2dc55186541861c18a04c032d0ff39322626ab03.pdf"
"2fa89ea6f77b1876c057a0cdf23cd976f54f71a6084bf5a3fc04d5566ee8f34a","cons_db45b883653b87af","fonte complementar conferida — identidade pendente de revisão humana","Consórcio Interfederativo Minas Gerais","Ciminas","","fonte complementar","Matéria do TCE-MG identifica o Consórcio Interfederativo Minas Gerais (Ciminas).","https://www.tce.mg.gov.br/Contratacoes-de-maquinas-e-equipamentos-estimadas-em-mais-de-R-290-milhoes-sao-suspensas-pelo-TCEMG.html/Noticia/1111629104","https://www.tce.mg.gov.br/noticia/Detalhe/1111629104"
"58706a3a4aa7d743798e03cbb9442770b47c948325085c7e4ac25086e29c28fb","cons_54814f009585c9a3","menção automática — identidade não conferida","Consórcio Intermunicipal do Agreste Alagoano","CONAGRESTE","","trecho","Inhapi ao Consórcio Intermunicipal do Agreste Alagoano – CONAGRESTE, com a ratificação da 3ª Alteração e Consolidação do Protocolo de Intenções e dá outras provid","https://data.queridodiario.ok.org.br/2700000/2026-09-14/71ae3de2cdc04efa3d9e2bb5d32dc56850d96181.pdf","https://data.queridodiario.ok.org.br/2700000/2026-09-14/71ae3de2cdc04efa3d9e2bb5d32dc56850d96181.pdf"
"631c477e6e54812004974be88eac0a7e454d46b52cfce9f1e12a0ba8b775f826","cons_bcba13ead77562f4","fonte complementar conferida — identidade pendente de revisão humana","Consórcio Intermunicipal Grande ABC","","","fonte complementar","A matéria identifica o Consórcio Intermunicipal Grande ABC; o CNPJ deve ser confirmado em fonte cadastral antes de inclusão.","https://news.google.com/rss/articles/CBMipgFBVV95cUxOZHp1TGZLWC1IRFhtMkE5RDNXRnVJaEs0SVp5UkxHNzZwbjVOSnU1UjZYTU1fcHdNQWhkYnExUlR2QUhCbFdPU0w5aHZpazh3Ry1fTDJXSWdVT1Y1aUVuYTltSTBGZzNLZ2lCc3FjSzZPeTE0ZjEzcHl0QUNVWW91VkdFcjZPWTJncFl5OWdINHJCS3lYVlhjb0ZGV0h3c0ZiNlIwcTRR?oc=5","https://abcreporter.com.br/2026/08/26/tce-sp-paralisa-licitacao-do-consorcio-intermunicipal-grande-abc/"
"6b8457b976c27faa50b120be064d8223351e2ee8ac1c1bc5085ff3eb892162ae","cons_9d04855d3120b314","menção automática — identidade não conferida","Consórcio Intermunicipal para o Desenvolvimento dos Municípios da Região de Campo Mourão","CONDESCOM","","trecho","icípio de Campo Mourão e Consórcio Intermunicipal para o Desenvolvimento dos Municípios da Região de Campo Mourão - CONDESCOM. OBJETO: Locação de equipamentos rodoviários através do consórci","https://data.queridodiario.ok.org.br/4104303/2026-09-21/b740c77d9bdaf69e95ca926a078281a9614480fd.pdf","https://data.queridodiario.ok.org.br/4104303/2026-09-21/b740c77d9bdaf69e95ca926a078281a9614480fd.pdf"
"6dbfedb890b56e8eb7dae1f2b8a600420bee27221bee6f037e237ab978c4722c","cons_ab2fe15cbd188c70","menção automática — identidade não conferida","Consórcio Intermunicipal Multifinalitário da Área Mineira da Sudene","CIMAMS","","título","na assembleia do CIMAMS (Consórcio Intermunicipal Multifinalitário da Área Mineira da Sudene) – Jornal Panorama - Jornal Panorama Minas","https://news.google.com/rss/articles/CBMi5gFBVV95cUxOd2JJSzNSbDBqMlZ5bkxYanFndlhLYV96Ym03SFBNT21NbGVnSkVpVFpCYjVlM1hlMzJfNERzTS1CeERjcmFsdWtBcDBsUWhFWGoyUHE0aXFQdGtnd0R4OXFiLU51S1RVTTVrYjJWb3A0Wnd3aVVNSVJmcDJEMFpxUGpUUi1xX1FySkFWLVdHbnRHOXQ1OTJTZG9taGRrUHQtdFVfcHVfT1JGQWlHZlFFT2ZRZWR6OTRNWG9DdmpIbENyM0U0cVVSaHZXcXc2WnNEVkN1Wk43VGlWZTJaSGhhSE42czllUQ?oc=5","https://news.google.com/rss/articles/CBMi5gFBVV95cUxOd2JJSzNSbDBqMlZ5bkxYanFndlhLYV96Ym03SFBNT21NbGVnSkVpVFpCYjVlM1hlMzJfNERzTS1CeERjcmFsdWtBcDBsUWhFWGoyUHE0aXFQdGtnd0R4OXFiLU51S1RVTTVrYjJWb3A0Wnd3aVVNSVJmcDJEMFpxUGpUUi1xX1FySkFWLVdHbnRHOXQ1OTJTZG9taGRrUHQtdFVfcHVfT1JGQWlHZlFFT2ZRZWR6OTRNWG9DdmpIbENyM0U0cVVSaHZXcXc2WnNEVkN1Wk43VGlWZTJaSGhhSE42czllUQ?oc=5"
"78d0159cd6802a5e67cb64998c6a2c9c4542a08d01f979cc7884840059334a5d","cons_6c9147044328720f","menção automática — identidade não conferida","Consórcio Intermunicipal de Saúde da Rede de Urgência do Norte de Minas","CISRUN","","trecho","que entre si celebram o Consórcio Intermunicipal de Saúde da Rede de Urgência do Norte de Minas - CISRUN e o Município de Salinas/","https://data.queridodiario.ok.org.br/3157005/2026-09-25/6fd0272b85b8b7b4fa6e4057094f0f606540efb3.pdf","https://data.queridodiario.ok.org.br/3157005/2026-09-25/6fd0272b85b8b7b4fa6e4057094f0f606540efb3.pdf"
"a01a83c0cedc579416617fd7d41ba9be8d19b2062d37a1584462884a1c06c6aa","cons_9deab43821f5eb5d","menção automática — identidade não conferida","Consórcio Público Intermunicipal do Agreste Pernambucano e Fronteiras","CONIAPE","","metadado","Consórcio Público Intermunicipal do Agreste Pernambucano e Fronteiras","https://consorcioconiape.pe.gov.br/2026/09/10/coniape-firma-parceria-com-o-ministerio-da-agricultura-e-pecuaria-do-governo-federal/","https://consorcioconiape.pe.gov.br/2026/09/10/coniape-firma-parceria-com-o-ministerio-da-agricultura-e-pecuaria-do-governo-federal/"
"aeb653ed8f1c45912dcb5feedacff07a4e89e65108857d659c838b3a6baf7567","cons_87ac15b5c118d603","menção automática — identidade não conferida","CONSÓRCIO INTERMUNICIPAL DE SAÚDE NA REGIÃO METROPOLITANA DE PIRACICABA","CISMESTR","","trecho","CRIÇÃO VALOR R$ 135/2026 CONSÓRCIO INTERMUNICIPAL DE SAÚDE NA REGIÃO METROPOLITANA DE PIRACICABA- CISMESTR","https://data.queridodiario.ok.org.br/3543907/2026-09-23/200e252f716db65ffbf569575df6a66ba4d88df0.pdf","https://data.queridodiario.ok.org.br/3543907/2026-09-23/200e252f716db65ffbf569575df6a66ba4d88df0.pdf"
"bfeb5bd35d290e64fb05719ca3e6a895e6cbe0ea92a0a6644d468692857711df","cons_3536abcfe0d9db14","menção automática — identidade não conferida","Consórcio Intermunicipal de Saneamento do Paraná","CISPAR","","trecho","e do Estatuto Social do Consórcio Intermunicipal de Saneamento do Paraná (CISPAR) e autoriza o ingresso do Município no referido Consórcio. A CÂMARA MUNICIPAL DE PINHAIS, Esta","https://data.queridodiario.ok.org.br/4119152/2026-09-24/06113aedac50ca8bfe694c1bbc276f6feb869edf.pdf","https://data.queridodiario.ok.org.br/4119152/2026-09-24/06113aedac50ca8bfe694c1bbc276f6feb869edf.pdf"
"cc3db43cdb00ab04d6b537ae0a6eed34978732ad9a9c4d59bcb365bcbf0b6457","cons_eed129740d58c49d","fonte complementar conferida — identidade pendente de revisão humana","Consórcio Intermunicipal de Saúde e de Políticas de Desenvolvimento da Região do Calcário","Cisrec","","fonte complementar","Matéria do TCE-MG identifica o Consórcio Intermunicipal de Saúde e de Políticas de Desenvolvimento da Região do Calcário (Cisrec).","https://www.tce.mg.gov.br/Consorcio-que-previa-contratacao-de-mais-de-meio-milhao-de-reais-e-questionado.html/Noticia/1111629110","https://www.tce.mg.gov.br/noticia/Detalhe/1111629110"
"e5771a63441467b0edb47b5733ac86e31e2256eb3c7640045cf508b166cc55f1","cons_a525fea6407b99e1","fonte complementar conferida — identidade pendente de revisão humana","Consórcio Intermunicipal de Saúde da Microrregião de São Luiz Gonzaga","Cois","","fonte complementar","Matéria local identifica o Consórcio Intermunicipal de Saúde da Microrregião de São Luiz Gonzaga (Cois).","https://news.google.com/rss/articles/CBMi_wFBVV95cUxQSmhsaG9BOHRGSDhIMWhad0I0Wm9qYkI1d1Y0WXBTNEV4MHc0NzhpWGoxMzRibnQ0M216XzJuTWtiNzV4UWZpMEFoM28tVW1UTUxjR1pXTjR5dmhHUmNUYjA3LU5lbENRRHhsUkRxZnA5Q2g4VzdOaEdPeG01czNfYVFVTkJuX3l4MUJfbjhpZmtITElWeGpBNUl5LVdBTUROcW5CS3F4VVVwbm9aQmtIamo2UGxfV1hLVHRjMlE2Y3pIQzV3QmFPdVdZQk9hdW5kdmxPZkFzdDk1S1psUHdYYWtZQ1dQMlNVYmN3NVByT1JuUDVwSDVNNWRieWc4Nlk?oc=5","https://www.radiomissioneira.com/consorcio-intermunicipal-de-saude-assina-contrato-para-centenas-de-exames-e-consultas-especializadas-na-microrregiao-de-sao-luiz-gonzaga/"
"e609d4dfb8ef105beeac7af5a22dcd4c7ce8765c37bc64b5390597b3b3f4624d","cons_c96a526476638baf","menção automática — identidade não conferida","CONSORCIO INTERMUNICIPAL DE SAUDE DA COM DOS MUNIC DA REGIAO DE CAMPO MOURAO","CIS COMCAM","95640322000101","trecho","IO MARTINEZ. Contratado: CONSORCIO INTERMUNICIPAL DE SAUDE DA COM DOS MUNIC DA REGIAO DE CAMPO MOURAO - CIS COMCAM, inscrito(a) no CPF/CNPJ sob n. 95.640.322/0001-01, com sede/domicílio na(o) Rua MAMBORE, 1542","https://data.queridodiario.ok.org.br/4114005/2026-09-30/60040400ded84eda33c6162db92bd6889a9c4f61.pdf","https://data.queridodiario.ok.org.br/4114005/2026-09-30/60040400ded84eda33c6162db92bd6889a9c4f61.pdf"
"eabab4e2933675bd1a999b2b4bdd7f689d73b338d625e0ec6cd294277b760da3","cons_d7d89b0f64cdbf4b","fonte complementar conferida — identidade pendente de revisão humana","Consórcio Intermunicipal Multifinalitário da Região Central de Minas Gerais","Cimcentral","","fonte complementar","Matéria do TCE-MG identifica o Consórcio Intermunicipal Multifinalitário da Região Central de Minas Gerais (Cimcentral).","https://www.tce.mg.gov.br/TCE-suspende-licitacao-de-R-67-4-milhoes-para-compra-de-playgrounds-e-equipamentos-infantis.html/Noticia/1111629096","https://www.tce.mg.gov.br/noticia/Detalhe/1111629096"
"181fe65e16b7a615ffa104bd5d99f0c3dd413ebdee625eb24425a39670a68b4a","cons_db45b883653b87af","sigla conhecida no contexto — revisão humana","","Ciminas","","sigla","Município é autorizado a integrar consórcio intermunicipal CIMINAS diariodecaratinga.com.br Município é autorizado a integrar consórcio intermunicipal CIMIN","https://news.google.com/rss/articles/CBMiqwFBVV95cUxNbkR3NTEtVGJzeGh4a1owODFLVzFSMmk3QlR0V2lYMTRGd2ZCYmQ2SEd6dHVFMEIxZGNVRFZ6UU4yUFZzbmc0NXB5Q3lnLUVnNmgwMWdYa2tmSndidkJlazRENkhTbkNGclo0ckhNS2hCTFJUUjBEVlNuOF94QzUzLUI0V19naC1iU3NQd1RwclFCd1lCeUFuX2VSZ0hTM01oeDNuM3drbHh5c1k?oc=5","https://news.google.com/rss/articles/CBMiqwFBVV95cUxNbkR3NTEtVGJzeGh4a1owODFLVzFSMmk3QlR0V2lYMTRGd2ZCYmQ2SEd6dHVFMEIxZGNVRFZ6UU4yUFZzbmc0NXB5Q3lnLUVnNmgwMWdYa2tmSndidkJlazRENkhTbkNGclo0ckhNS2hCTFJUUjBEVlNuOF94QzUzLUI0V19naC1iU3NQd1RwclFCd1lCeUFuX2VSZ0hTM01oeDNuM3drbHh5c1k?oc=5"
"6ce62f55c6dde32c9682299f89a25071919dc45efbd132530f5d849fca360750","cons_54814f009585c9a3","sigla conhecida no contexto — revisão humana","","CONAGRESTE","","sigla","o, operacionalização e ampliação dos serviços municipais a serem prestados pelo Consórcio Conagreste na administração de programas governamentais, projetos afins e a criação de novos serviço","https://data.queridodiario.ok.org.br/2700000/2026-09-29/eba66af2865d380a493a4d7847c64109ee2821b4.pdf","https://data.queridodiario.ok.org.br/2700000/2026-09-29/eba66af2865d380a493a4d7847c64109ee2821b4.pdf"
